
--

INSERT INTO public.entreprise (id, adresse, description, email, nom, secteur, telephone, ville) VALUES (12,'3 ème Étage Bureau N° 6, Immeuble La Tulipe, 3 Rue AbouBakr Mohamed Ibn Zahr, Casablanca 20360','FMCGapps.com est une startup innovante basée à Casablanca, spécialisée dans les technologies pour le secteur des biens de grande consommation (FMCG). 
Stagiaires.ma
+1

Elle offre une plateforme ou des services de type "suite complète" pour aider les entreprises du retail à :

optimiser leurs opérations de vente au détail 
Stagiaires.ma

améliorer leur visibilité auprès des commerçants locaux 
Stagiaires.ma

gérer le contenu, la communication, les promotions, etc. 
Indeed
+1

FMCGapps.com semble également recruter pour des profils variés (création de contenu, community management, télévente, etc.), ce qui montre  qu''elle combine technologie et force humaine dans son offre.','','FMCGapps.com','Services et conseil aux entreprises', NULL,'Casablanca');
INSERT INTO public.entreprise (id, adresse, description, email, nom, secteur, telephone, ville) VALUES (14,'Europe, Moyen-Orient et Afrique','At AA Talent Solutions, we specialise in helping businesses solve their talent acquisition challenges with tailored, flexible solutions. Whether you need to fill a hard-to-hire role, refine your recruitment processes, or implement a cutting-edge applicant tracking system (ATS), we''re here to deliver results that align with your goals.','','AA Talent Solutions','helping businesses solve their talent','','Europe');
INSERT INTO public.entreprise (id, adresse, description, email, nom, secteur, telephone, ville) VALUES (15,'29 Wifaq 1 Etage 2 Zone Industrielle Oulfa - Casablanca','Sigmatex développe et fabrique des textiles en fibre de carbone destinés à des applications dans le domaine des matériaux composites. Depuis ses sites répartis dans le monde entier, Sigmatex fournit des textiles en fibre de carbone tissés, notamment des solutions 3D, à fils étalés, recyclées, unidirectionnelles, multiaxiales et standard (2D) à un large éventail d''industries, allant des grands constructeurs automobiles mondiaux aux marques de loisirs performantes, en passant par la plupart des grandes entreprises aérospatiales mondiales.

Dans tous les cas, Sigmatex aide ses clients à améliorer les performances de leurs produits en tirant parti des nombreux avantages offerts par la technologie de la fibre de carbone, notamment la réduction du poids, la résistance à la corrosion, une résistance et une rigidité accrues et un aspect visuel amélioré. Sigmatex a été fondée en 1986 et s''est depuis lors spécialisée dans  l''aide à la création de produits de pointe en fibre de carbone.
','rh@sigmatex.ma','SIGMATEX','entreprise internationale dans les textiles carbone et matériaux composites','','Casablanca');

INSERT INTO public.entreprise (id, adresse, description, email, nom, secteur, telephone, ville) VALUES (38,'Technopark, 2ème étage, Bureau TA228, Agadir 80 000.','PayNow est un acteur majeur de la FinTech, spécialisé dans les portefeuilles électroniques sécurisés. Grâce à une technologie avancée et une interface conviviale, nous facilitons la gestion des finances, les paiements en ligne, les transferts et les transactions rapides et fiables, tout en révolutionnant  l''expérience digitale des utilisateurs.','info@paynow.ma','Paynow','Services financiers / FinTech',' 05 25 17 55 88','Agadir');
INSERT INTO public.entreprise (id, adresse, description, email, nom, secteur, telephone, ville) VALUES (39,'Méchouar de Casablanca','Atlas Defenders est une entreprise internationale spécialisée dans la cybersécurité et les infrastructures informatiques qui aide les organisations à sécuriser, optimiser et innover en toute confiance.

Notre expertise comprend :
• Cybersécurité avancée : SOC-as-a-Service, sécurité offensive et défensive, GRC
• Infrastructure de nouvelle génération : ingénierie des réseaux, du cloud et des centres de données
• Développement et applications commerciales : Web, mobile, ERP, CRM, ITSM

Fort de ses nombreuses années d''expérience, de ses experts certifiés et de ses partenariats avec des fournisseurs de premier plan (Cisco, Fortinet, Palo Alto, AWS, Azure, GCP...), Atlas Defenders combine une technologie de pointe et une expertise reconnue pour protéger et renforcer les entreprises au Maroc et dans le monde entier.','',' Atlas Defenders','Cybersecurity & IT Infrastructure Experts','','Casablanca');
INSERT INTO public.entreprise (id, adresse, description, email, nom, secteur, telephone, ville) VALUES (40,' 38 BD Driss Lahrizi 2eme Etage Centre Ville Casablanca, Maroc','MEDIA EXPERTS, agence basée à Casablanca, est spécialisée dans le développement sur-mesure de logiciels métiers et d''applications web & mobile, avec une forte expertise en UI/UX, marketing digital et stratégie. Passionnée par  l''innovation, notre équipe accompagne les entreprises pour renforcer leur visibilité en ligne, attirer leur audience et transformer  l''intérêt digital en succès commercial.','drh@mediaexperts.ma','MEDIA EXPERTs','Services de publicité','+212675933160','Casablanca');
INSERT INTO public.entreprise (id, adresse, description, email, nom, secteur, telephone, ville) VALUES (41,'Imm 9 Bur 22, Florida Parc en face porte sud CASANEARSHOR, شارع الدار البيضاء 20175','Neo Tech IT, depuis 2015, accompagne entreprises et startups avec des solutions logicielles sur-mesure. Spécialisée en IA, IoT, mobile et automatisation,  l''équipe associe expertise technologique et approche humaine pour transformer les activités, optimiser  l''efficacité et offrir des expériences digitales innovantes.','contact@neo-techit.com','Neo Tech iT','Services et conseil en informatique','+212 8 08 50 79 25','Casablanca');
INSERT INTO public.entreprise (id, adresse, description, email, nom, secteur, telephone, ville) VALUES (42,'1 et 2 - 3ème, 4ème et, CENTER Bâtiments, 5ème étages, Rabat','En tant que groupe européen leader dans le domaine de  l ''expérience client et des services de transformation numérique, SQLI aide les marques internationales à générer de la valeur Grâce à  l ''innovation numérique. Nous créons des expériences engageantes en combinant des technologies de pointe, des méthodologies éprouvées et une expertise technologique approfondie. À chaque étape,  l ''IA est intégrée comme un moteur essentiel de valeur ajoutée, améliorant la compréhension,  l ''automatisation, la personnalisation et  l ''évolutivité. De la stratégie au déploiement, nous concevons et construisons des architectures robustes et performantes qui améliorent  l ''agilité, renforcent  l ''efficacité et favorisent une croissance durable de  l ''activité.  Qu''est-ce qui nous distingue ?  Une combinaison unique de talents interdisciplinaires, une force de livraison mondiale et une obsession pour les résultats clients.
','','SQLI','Services et conseil en informatique','+33 (0)1 85 64 20 20','Rabat');
INSERT INTO public.entreprise (id, adresse, description, email, nom, secteur, telephone, ville) VALUES (43,' Mohammedia, Casablanca-Settat, Morocco, North Africa, Africa','OutsorGroup est un fournisseur international basé à Mohammedia, issu du groupe Outsourcia, spécialisé dans  l''externalisation de services (BPO) et le recrutement d''experts IT, marketing, administratif et comptable. 
ma.whatjobs.com

Activités principales :

Recrutement et mise à disposition de talents (profils IT, marketing, sales, administration) pour des entreprises européennes. 
ma.whatjobs.com

Gestion administrative, coordination, support aux opérationnels, et interaction avec la direction générale. 
ma.whatjobs.com

Environnement :

Bureau moderne et bien situé à Mohammedia, entre Rabat et Casablanca. 
ma.whatjobs.com

Ambiance internationale, usage du français et de  l''anglais. 
ma.whatjobs.com

Points forts :

Faire partie d''un groupe qui a une longue expérience dans  l''externalisation, ce qui apporte structure, savoir-faire et stabilité.

Opportunité de développer des compétences dans des missions variées (gestion, coordination, administration) dans un cadre professionnel.

Possibilité d''évolution dans un contexte international et d''apprendre à travailler avec divers départements et cultures d''entreprise.','',' OutsorGroup','Conseil en externalisation et délocalisation','','Mohammédia');
INSERT INTO public.entreprise (id, adresse, description, email, nom, secteur, telephone, ville) VALUES (44,'5 Hay Sadri Groupe 4 Rue 14, Casablanca','Babel est une multinationale technologique d''origine espagnole spécialisée dans les solutions d ''accélération et de transformation numérique, présente en Amérique latine, en Europe et en Afrique. Elle a pour vocation d ''être une référence dans la prestation de services destinés aux grandes entreprises et aux organismes publics. Elle se caractérise par la qualité de son service, la confiance de ses clients et  l ''engagement de ses professionnels.','','Babe l','Services et conseil en informatique','','Casablanca');
INSERT INTO public.entreprise (id, adresse, description, email, nom, secteur, telephone, ville) VALUES (45,'28 Bd Al Massira Al Khadra, Casablanca 20250','Theodo, créé en 2009, est une entreprise spécialisée dans la transformation digitale, aidant grands groupes, PME et startups (Renault, LVMH, Société Générale, BlaBlaCar, etc.) à développer de nouveaux business et renforcer leur compétitivité Grâce à des solutions digitales sur mesure. En s''appuyant sur des profils d''excellence, les technologies web open source et une méthodologie agile inspirée du Lean, Scrum et DevOps, Theodo combine  l''efficacité des startups américaines à une vision européenne plus humaniste.','contact-ma@theodo.com','Theodo','Technologies et services de  l''information','+212 (0) 5 22 36 61 87','Casablanca');
INSERT INTO public.entreprise (id, adresse, description, email, nom, secteur, telephone, ville) VALUES (46,'Tangier Morocco.','BlackStone eIT est une entreprise internationale spécialisée dans les solutions innovantes pour la transformation digitale. Nous automatisons les processus complexes et optimisons la productivité Grâce à des workflows intelligents,  l''IA et des outils de nouvelle génération. Notre mission : aider les organisations à réduire leurs coûts, améliorer  l''expérience client et employé, et devenir des entreprises modernes, compétitives et agiles.','Morocco-Sales@BlackStoneeIT.com','BlackStone eIT','Services et conseil en informatique','+212 6 76 89 8737','Tangier');
INSERT INTO public.entreprise (id, adresse, description, email, nom, secteur, telephone, ville) VALUES (47,'Angle avenue de la C ôte d''Emeraude &, rue de  l''Ile de Timor, Casablanca 20180','Yakeey est une marketplace digitale qui simplifie et accélère  l''achat, la vente et la location immobilière. Grâce à la technologie et à une communauté de conseillers YakeeyPRO, nous offrons un suivi professionnel et fluide à chaque étape des transactions.','','Yakeey','Immobilier','','Casablanca');
INSERT INTO public.entreprise (id, adresse, description, email, nom, secteur, telephone, ville) VALUES (48,'Casa Business Towers, Avenue Mainstreet, 1er étage, Bureau n° 31/32, Casablanca Finance City, Maroc','Pay10 Maroc est une fintech qui innove dans les services financiers Grâce à sa plateforme de paiement mobile-first. Elle facilite les paiements instantanés, les services marchands et les transactions transfrontalières en temps réel, tout en soutenant  l''inclusion financière et les initiatives des banques centrales.','info@pay10.ma','Pay10 Maroc','Services financiers','','Casablanca');
INSERT INTO public.entreprise (id, adresse, description, email, nom, secteur, telephone, ville) VALUES (49,'1er Etage, N° 15, Naciri, Alpha Business Center, Bd Zoulikha Nasri, Casablanca 20000','BROME est un cabinet de conseil en Management, Système d ''information et Digital basé au Maroc.
Nous intervenons sur  l''ensemble de la chaîne de valeur, depuis la définition des orientations stratégiques, jusqu à la transformation organisationnelle et  l''implémentation technologique.
Nous combinons notre expertise en stratégie, digital et technologie pour offrir à nos clients un conseil à forte valeur ajoutée.
BROME est aussi une SSII, proposant des solutions qui s''intègrent avec les logiciels et services de  l''entreprise dans des secteurs variés tels que les services financiers, Telecom,  l''industrie,  l''éducation et les services publiques.','','BROME Consulting & Technology','Services et conseil aux entreprises','+212522525652','Casablanca');
INSERT INTO public.entreprise (id, adresse, description, email, nom, secteur, telephone, ville) VALUES (50,'Casablanca','Redsen Consulting est un cabinet européen basé à Paris, Genève et Bruxelles, spécialisé dans la transformation des systèmes d''information. Il accompagne les directions générales, marketing, communication et RH sur des projets de performance organisationnelle, stratégie digitale, gouvernance SI et transformation IT, avec une expertise couvrant  l''éducation,  l''e-commerce, la finance, les sciences de la vie et le secteur public.','contact@redsen.com','Redsen','Services et conseil en informatique','+41 22 539 17 53','Casablanca');
INSERT INTO public.entreprise (id, adresse, description, email, nom, secteur, telephone, ville) VALUES (51,' 5 Hay Sadri Groupe 4 Rue 14, Casablanca','Babel est une multinationale technologique d''origine espagnole spécialisée dans les solutions d ''accélération et de transformation numérique, présente en Amérique latine, en Europe et en Afrique. Elle a pour vocation d ''être une référence dans la prestation de services destinés aux grandes entreprises et aux organismes publics. Elle se caractérise par la qualité de son service, la confiance de ses clients et  l ''engagement de ses professionnels.

','','Babe l','Services et conseil en informatique','','Casablanca');
INSERT INTO public.entreprise (id, adresse, description, email, nom, secteur, telephone, ville) VALUES (53,'Casablanca','Hostly.ma est une entreprise marocaine spécialisée dans la digitalisation du processus de check-in pour les locations de courte durée. Sa plateforme SaaS permet aux hôtes de vérifier  l''identité des invités à distance via photo et pièce d''identité, de générer automatiquement les fiches de police, de signer les contrats en ligne et de gérer plusieurs propriétés en toute conformité. En combinant connectivité API, automatisation et technologies cloud, Hostly simplifie la gestion des hébergements, améliore  l''expérience client et assure un suivi administratif rapide et sécurisé.','','Hostly','H ôtellerie','','Casablanca');
INSERT INTO public.entreprise (id, adresse, description, email, nom, secteur, telephone, ville) VALUES (54,'H9HF+8W9، الدار البيضاء 20250','Devoteam est un leader du conseil technologique en cloud, Data/IA, Cyber & Sustainability.
 
En alliant technologie, créativité et data, Devoteam accompagne ses clients dans la transformation digitale de leur activité afin de libérer leur plein potentiel.
Avec plus de 10 000 collaborateurs dans plus de 20 pays en Europe, au Moyen-Orient et en Afrique, Devoteam s''engage depuis plus de 25 ans à mettre la Technologie au service de  l''Homme.

Creative tech for Better Change
','','Devoteam','Services et conseil aux entreprises','','Casablanca');
INSERT INTO public.entreprise (id, adresse, description, email, nom, secteur, telephone, ville) VALUES (55,'Technopolis, Batiment B 11 Sala-Al-Jadida, Rabat 11100','Cnexia est la filiale marocaine exclusive d''un géant Canadien des Télécoms, de la Technologie et des Médias, une union qui marie  l ''expertise internationale avec la dynamique marocaine. Notre histoire est celle d ''une ascension fulgurante, car en seulement trois ans, nous avons transformé notre équipe en une véritable force créative de plus de 3000 collaboratrices et collaborateurs.

Nos activités se sont élargies pour couvrir les métiers de la relation client et ceux de la technologie de  l''information.','contact@cnexia.com','Cnexia','Conseil en externalisation et délocalisation','0674-741471','Rabat');
INSERT INTO public.entreprise (id, adresse, description, email, nom, secteur, telephone, ville) VALUES (57,'Casablanca, Casablanca-Settat, Maro','COHORLINKTIS située à Casablanca, Maroc est une entreprise du Groupe TEL OBD dont le Siège est en France, spécialisée dans les domaines d''activités de  l''ingénierie pluridisciplinaire (ingénieries : télécom, industrie/électricité, aéronautique, agroalimentaire/pharmaceutique, robotique, IA, automobile, énergie et environnement, installations générales, automatismes industriels, ferroviaire et transports) mais également consulting/conseil, construction BTP tous types et Génie Civil.
Offrant des solutions complètes de la conception à la construction notre expertise technique, associée à notre engagement envers  l ''innovation, nous permet de fournir des services de haute qualité répondant aux besoins croissants de nos partenaires dans un monde en constante évolution.','service-rh@cohorlinktis.com','COHORLINKTIs','Leader en télécommunication','','Casablanca');
INSERT INTO public.entreprise (id, adresse, description, email, nom, secteur, telephone, ville) VALUES (58, 'G9F6+3H4، الدار البيضاء',' l''ambition d''Orange Business est de devenir  l''intégrateur Européen réseau et numérique de référence, en nous appuyant sur nos forces autour des solutions de connectivité nouvelle génération, du cloud et de la cybersécurité. 

Nos 30 000 femmes et hommes présents dans 65 pays, dont chaque voix compte, sont tous animés par la même détermination et le même esprit d''équipe, pour construire les solutions digitales d''aujourd''hui et de demain et créer un impact positif pour nos clients, pour leurs salariés et pour la planète. 

Nous offrons des opportunités passionnantes Grâce à des projets innovants dans la data et le digital, le cloud,  l''IA, la cybersécurité,  l''IoT, ou encore le digital workspace et le big data. 

Venez vivre cette aventure avec nous !','','Orange Business','Services et conseil en informatique','','Casablanca');


--
-- Data for Name: job; Type: TABLE DATA; Schema: public; Owner: postgres
--

INSERT INTO public.job (date_candidature, date_expiration, date_lancement, date_reponse, entreprise_id, id, description, nom, site_recommandation, status, url_offre) VALUES ('2025-09-27', NULL,'2025-09-26', NULL, 12, 6,'Ç propos

Nous construisons des applications web & mobiles robustes, scalables et sécurisées. Tu interviendras de bout en bout : conception, développement, industrialisation et sécurité.

Objectif simple : shipper de la valeur en production avec un niveau de qualité pro.

Missions

Concevoir, développer et maintenir des API RESTful et des interfaces web/mobile performantes.
Modéliser et opérer des bases de données SQL/NoSQL (schémas, indexation, perf).
Implémenter les exigences de sécurité (authN/authZ, chiffrement, OWASP Top 10, protection des données).
Ëcrire des tests (unitaires/intégration), automatiser via CI/CD, monitorer (logs, alerting).
Participer aux revues de code, au cadrage technique et au mentoring ponctuel.
Travailler en bin ôme avec Product/Design pour livrer des features utiles et mesurables.
Stack

Back-end : Node.js (Express/Nest), PYTHON(FastAPI/Django), PHP (Laravel/Symfony), Go
Front Web : React/Next.js, Angular, Vue.js
Mobile : Flutter [et/ou React Native en bonus]
Databases : MySQL, PostgreSQL, MongoDB [+ Redis en cache]
Ops : Git, Docker, CI/CD (GitHub Actions/GitLab CI), Cloud [AWS/GCP/Azure], monitoring [Sentry/Prometheus/Grafana]
Compétences clés (requis)

Maëtrise d''au moins deux langages parmi JavaScript (Node.js), Python, PHP, Go.
Expérience en React/Angular/Vue.js/Flutter et bases SQL/NoSQL.
Conception d''API RESTful et gestion de MySQL, PostgreSQL, MongoDB.
Bonnes pratiques de sécurité web/mobile (RGPD, chiffrement, secrets management).
Profil recherché

Tu as déjà livré en production des applis web/mobile et tu sais arbitrer entre vitesse et dette technique.
Culture code propre (SOLID, séparation des responsabilités), tests, revues et observabilité.
Aisance à déboguer front / back / DB / infra.
Français courant, anglais technique.
Expérience : 3+ ans apprécié en entreprise ou juniors solides et stagiaires de fin d''études bienvenus.
Atouts qui feront la diff

k8s, Terraform, GraphQL, WebSockets, Event-Driven.
Sens produit / UX, métriques, feature flags, expérimentation.
Stage pré-embauche

Nous accueillons aussi des stagiaires de fin d''études motivés pour un stage de 4 à 6 mois, avec possibilité de CDI à la clé.

Missions encadrées : dev d''APIs, front, mobile, sécurité, tests.
Objectif : montée en compétence progressive → autonomie sur des features réelles.
Profil : bonnes bases en dev web/mobile, curiosité, rigueur et envie d''apprendre.
Candidater

Postule directement via Indeed (CV + liens GitHub/portfolio/app en prod).

Type : Temps plein (CDI) ou Stage pré-embauche (4-6 mois avec embauche possible)

Type d ''emploi : Temps plein','Ingénieur Logiciel / Développeur Full-Stack', 'Indeed','EN_COURS','https://ma.indeed.com/?vjk=9254ec8a4fb64733');
INSERT INTO public.job (date_candidature, date_expiration, date_lancement, date_reponse, entreprise_id, id, description, nom, site_recommandation, status, url_offre) VALUES ('2025-09-27', NULL,'2025-09-25', NULL, 14, 7,'Mon client développe une plateforme iGaming nouvelle génération capable de gérer un trafic élevé, des jeux en temps réel et des transactions financières. Nous recherchons un développeur expérimenté capable de prendre en charge  l ''ensemble de la pile et de fournir des solutions évolutives et hautement performantes.


Vos missions :

Développer, faire évoluer et maintenir des systèmes front-end ou back-end pour des jeux de casino en temps réel.
Gérer la concurrence et les charges de trafic élevées sans aucun temps d ''arrêt.
Collaborer avec des équipes interfonctionnelles (front-end, back-end, développeurs de jeux, DevOps) pour livrer des fonctionnalités à un rythme soutenu.
Garantir une intégrité des données à toute épreuve et une expérience fluide pour les joueurs.


Stack technologique :

Front-end : Tailwind, Next.js, Zustand, TanStack Query, Framer Motion.
Back-end : Node.js, Express, Zod, TypeScript, Redis, WebSockets, Prisma.


Ce que nous recherchons :

Excellentes compétences en communication en anglais (écrit et oral).
Expérience dans le secteur commercial des jeux d''argent en ligne (casino, paris sportifs, jeux cryptographiques).
Solide expertise en développement frontend OU backend OU fullstack.
Capacité avérée à créer et optimiser des systèmes pour une forte concurrence, une faible latence et un trafic important.
Expérience pratique des technologies de notre pile (ci-dessus).

','Full Stack Engineer - iGaming Platform','LinkedIn','EN_COURS','https://www.linkedin.com/jobs/view/4304652985');
INSERT INTO public.job (date_candidature, date_expiration, date_lancement, date_reponse, entreprise_id, id, description, nom, site_recommandation, status, url_offre) VALUES ('2025-09-28', NULL,'2025-09-27', NULL, 15, 8,'Profil recherché

Nous recherchons un Développeur Web Full Stack polyvalent et rigoureux, capable d''intervenir à la fois sur le développement de projets web, la maintenance évolutive et corrective, et le support technique interne. Le candidat idéal saura jongler entre CMS et développement sur-mesure, tout en assurant la stabilité et la performance de nos systèmes digitaux.

Missions principales

Développement, maintenance et évolution de sites web sous WordPress et PrestaShop
Création de modules personnalisés, thèmes sur mesure, intégration front-end
Conception et développement d''applications web spécifiques (ERP, portails internes, outils métiers…)
Intégration d''APIs (ERP, logistique, paiement, etc.)
Optimisation des performances web (vitesse, SEO, sécurité)
Maintenance corrective et préventive des plateformes digitales (mises à jour, correctifs, compatibilité…)
Support technique pour les utilisateurs internes : résolution de bugs, assistance fonctionnelle, débogage
Intervention sur les serveurs (Plesk, Linux), gestion des domaines, bases de données, redirections, SSL…
Documentation des processus techniques et suivi des tickets ou demandes internes
Compétences requises

CMS :

Excellente maëtrise de WordPress et PrestaShop
Développement de plugins/modules et personnalisation avancée
Développement Full Stack :

Front-end : HTML5, CSS3, JavaScript, jQuery, Bootstrap, Tailwind
Back-end : PHP orienté objet, MySQL/MariaDB, REST APIs
Bonus : Laravel, Symfony, Node.js, Vue.js
Maintenance & Support :

Mise à jour sécurisée de CMS et plugins
Suivi des tickets utilisateurs, résolution rapide des anomalies
Bonne communication avec les équipes non techniques
Capacité à diagnostiquer et corriger les incidents (logs, erreurs serveur, conflits plugins)
Environnements techniques :

Serveurs Plesk, Linux (SSH, FTP, cron…)
Git / GitHub
Sécurité web : protection contre les attaques XSS, injections SQL, configuration .htaccess…
Profil idéal

Bac +2
Expérience significative (minimum 2 ans) sur un poste similaire
Esprit analytique, rigueur, autonomie
Sens du service, réactivité, capacité à gérer les priorités
Culture du code propre, bien structuré et documenté
Ce que nous offrons

Un environnement stable et structuré, en pleine transformation digitale
Des projets variés et concrets à fort impact métier
Une forte autonomie dans  l''organisation du travail
Des conditions motivantes avec perspectives d''évolution
Candidature

Merci d''envoyer votre CV + liens vers projets, GitHub ou portfolio à :

rh@sigmatex.ma

Objet : Développeur Web Full Stack

Type d''emploi : Temps plein

Question(s) de présélection:

Dernier Salaire ?
Salaire souhaité ?
Disponibilité ?
','Développeur Web Full Stack','Indeed','EN_COURS','https://ma.indeed.com/viewjob?jk=81cc424a5d10d016&from=shareddesktop_copy');
INSERT INTO public.job (date_candidature, date_expiration, date_lancement, date_reponse, entreprise_id, id, description, nom, site_recommandation, status, url_offre) VALUES ('2025-09-29', NULL,'2025-09-28', NULL, 38, 10,'Dans le cadre de notre croissance, PayNow recharche un Développeur Java motivé pour renforcer notre équipe technique.

Missions principales

Concevoir, développer et maintenir des applications et API en Java / Spring Boot.
Participer à  l''architecture et à  l''optimisation des solutions de paiement.
Intégrer et interagir avec des systèmes financiers, banques et passerelles de paiement.
Collaborer avec les équipes produit, QA et DevOps pour assurer la qualité et la performance des solutions.
Rédiger la documentation technique et assurer la veille technologique.
Profil recherché

Bac+3 / Bac+5 en informatique ou équivalent.
Expérience confirmée (2 à 5 ans) en Java, J2EE, Spring, Hibernate.
Bonne maëtrise des bases de données relationnelles (MySQL, PostgreSQL, Oracle).
Connaissance des environnements REST, SOAP, Microservices.
Familiarité avec Git, Maven, Jenkins, Docker.
Esprit d''équipe, autonomie et rigueur.
Type d ''emploi : Temps plein','Développeur Java','Indeed','EN_COURS','https://ma.indeed.com/viewjob?jk=adc9271e778cba3f');
INSERT INTO public.job (date_candidature, date_expiration, date_lancement, date_reponse, entreprise_id, id, description, nom, site_recommandation, status, url_offre) VALUES ('2025-09-29', NULL,'2025-09-28', NULL, 39, 11,'Ç propos d ''Atlas Defenders

 Atlas Defenders est une start-up émergente qui se consacre à fournir des solutions informatiques innovantes et des services de cybersécurité aux entreprises du monde entier. Notre mission est d ''aider les organisations à sécuriser, optimiser et moderniser leur infrastructure informatique tout en leur proposant des solutions technologiques pratiques et concrètes.
Chez Atlas Defenders, nous croyons en la constitution d ''une équipe talentueuse et passionnée qui stimule  l''innovation et a un impact. Inshallah, nous espérons nous renforcer et continuer à nous améliorer, afin d ''offrir des services encore meilleurs à nos clients et partenaires.
 
Nous recherchons des stagiaires développeurs front-end motivés qui souhaitent développer leurs compétences et acquérir une expérience pratique en travaillant sur une plateforme web moderne.


Ce que vous ferez

 Créer des interfaces réactives et conviviales avec React + Next.js.

 Utiliser TypeScript et TailwindCSS pour créer des composants propres et évolutifs.
 Collaborer avec des ingénieurs back-end (Django + PostgreSQL) pour connecter des API.
 Travailler avec des outils concrets tels que Git et Docker dans un environnement professionnel.
 Contribuer à des fonctionnalités qui seront déployées et utilisées en production.


Ce que nous recherchons

 Bonne compréhension du HTML, du CSS et des concepts de programmation de base.
 Une certaine expérience de React ou Next.js (projets personnels ou universitaires).
 Un intérêt marqué pour  l''apprentissage de TypeScript, TailwindCSS et des meilleures pratiques.
 Esprit d''équipe, curiosité et volonté d''apprendre auprès de mentors.


Ce que vous gagnerez

 Expérience de stage à distance sur des projets réels.

 Mentorat par des ingénieurs expérimentés.
 Formation sur une pile technologique de pointe (React, Next.js, TypeScript, Django, Docker).
 Travail prêt à être intégré à votre portfolio et démontrant vos compétences.','Front End Developer','LinkedIn','EN_COURS','https://www.linkedin.com/jobs/view/4308023177');
INSERT INTO public.job (date_candidature, date_expiration, date_lancement, date_reponse, entreprise_id, id, description, nom, site_recommandation, status, url_offre) VALUES ('2025-09-29', NULL,'2025-09-28', NULL, 40, 12,'Poste : Développeur Full Stack (Front & Back) - Gestion de Projets Digitaux

 - Casablanca, Maroc




-  propos de Media Experts
Media Experts est une agence de communication & marketing 360°, avec son pôle digital Coders Experts, spécialisé dans le développement web & mobile sur mesure, UI/UX design, branding et communication digitale.
 Nous accompagnons des clients prestigieux (banques, multinationales, industries, retail) dans leur transformation digitale.


- Missions principales
Nous recherchons un Développeur Full Stack talentueux et polyvalent, capable de :
Développer et livrer des projets from scratch (sites web, marketplaces, applications web).
Gérer le cycle complet : conception, développement front & back, intégration, déploiement et suivi.
Coordonner avec le département design (Figma, UI/UX) et assurer la communication avec les clients.
Assurer la mise en ligne (deployment) et le suivi qualité.




- Environnements techniques et Stack & Compétences techniques
Front-end :

React.js, Next.js (TypeScript/JavaScript)
HTML5, CSS3, SASS/SCSS
JavaScript (ES6+), TypeScript
Responsive & Mobile First Design
Back-end :

Node.js, Express.js
API REST & GraphQL
PHP (WordPress, WooCommerce - un plus)
Bases de données :

MySQL, PostgreSQL
MongoDB / NoSQL
Outils & DevOps :

Git / GitHub / GitLab
Docker, CI/CD (GitHub Actions, GitLab CI)
Hébergement & déploiement (AWS, Vercel, Heroku, cPanel, VPS)
Design & collaboration :

Figma, Adobe XD (lecture & intégration de maquettes)
Jira / Trello / Slack




- Profil recherché
Bac+3/5 en Informatique, Génie Logiciel ou équivalent.
Expérience : 2 à 4 ans minimum dans le développement full stack.
Autonomie, rigueur et esprit d''équipe.
Aisance relationnelle pour communiquer avec clients & équipes.




- Ce que nous offrons
Un environnement stimulant, créatif et orienté innovation.
Des projets variés : corporate, marketplaces, plateformes web sur mesure.
Opportunités d''évolution rapide.','Développeur Full Stack (Front & Back) - Gestion de Projets Digitaux','LinkedIn','EN_COURS','https://www.linkedin.com/jobs/view/4307838184');
INSERT INTO public.job (date_candidature, date_expiration, date_lancement, date_reponse, entreprise_id, id, description, nom, site_recommandation, status, url_offre) VALUES ('2025-09-29', NULL,'2025-09-28', NULL, 41, 13,'Neo Tech iT recrute !

Nous recherchons un(e) Développeur(se) Flutter Confirmé(e) pour rejoindre notre Software Factory à Casablanca et participer à la création d''applications mobiles innovantes et performantes.


-- Missions :

Concevoir et développer des applications mobiles performantes sur iOS et Android avec Flutter.
Participer à la conception technique et garantir la qualité, la maintenabilité et la performance du code.
Intégrer des APIs et optimiser  l''expérience utilisateur pour des applications fluides et engageantes.
Collaborer étroitement avec nos équipes UX/UI et techniques dans un environnement innovant, stimulant et bienveillant.
Apporter des idées et contribuer à  l''évolution des standards de développement au sein de  l''équipe.


- Profil recherché :

Expérience confirmée en développement mobile, avec minimum 3 ans sur Flutter.
Maëtrise de Dart, Git, Firebase et des bonnes pratiques de développement.
Autonomie, créativité et esprit d''équipe.
Bonus : expérience en développement natif Android/iOS.
Passionné(e) par les nouvelles technologies et envie de relever des défis techniques.


- Lieu : Casablanca
- Contrat : CDI
- Disponibilité : Immédiate ou à convenir


- Intéressé(e) ?

Envoyez votre CV actualisé, vos dipl ômes et certifications (si disponibles), ainsi que vos prétentions salariales à fatimazahra.addahri@neo-techit.com

en précisant la référence Flutter_Casa, et rejoignez  l''aventure Neo Tech iT !','Développeur(se) Flutter Confirmé(e)','LinkedIn','EN_COURS','https://www.linkedin.com/jobs/view/4308029535');
INSERT INTO public.job (date_candidature, date_expiration, date_lancement, date_reponse, entreprise_id, id, description, nom, site_recommandation, status, url_offre) VALUES ('2025-09-30', NULL,'2025-09-28', NULL, 42, 14,'Responsabilités et compétences requises :

Concevoir, développer et maintenir des applications robustes et évolutives en utilisant Java et Spring Webflux.
Expérience avérée dans la programmation réactive et dans  l''implémentation d''architectures microservices basées sur des événements (event-driven).
Expertise dans  l''utilisation de bases de données relationnelles et NoSQL (orientées documents).
Maëtrise des principes DevOps, ainsi que des pratiques d''intégration et de déploiement continus (CI/CD).
Expérience avec la containerisation d''applications via Docker.
Bonne maëtrise de Git pour la gestion du versioning.
Pratique du Domain Driven Design (DDD) dans les projets de développement.
Utilisation d''outils de tests automatisés, tels que Karaté et WireMock, pour garantir la qualité du code.
Connaissance des outils de surveillance des performances et d''optimisation des applications.
Maëtrise de Redis pour la gestion du cache et du stockage clé/valeur.
Utilisation de Postman pour tester les APIs et de OpenAPI pour leur documentation.
Mise en œuvre des principes de qualité du code (clean code, SOLID, YAGNI) et de bonnes pratiques de développement.
Participation active à  l''amélioration continue du produit, notamment via les tests et SonarQube.
Engagement dans toutes les phases du cycle de vie du développement logiciel, de la conception à la mise en production.
Forte capacité à travailler en équipe et à collaborer efficacement avec les autres membres des équipes.
Excellente communication en français, aussi bien à  l''oral qu à  l''écrit, pour interagir avec les équipes métier.
Capacité à assurer la maintenance et  l''évolution des applications existantes.
Engagement dans  l''amélioration continue des processus et des pratiques de développement.
Maëtrise des méthodologies Agile, en particulier SCRUM.


NIVEAU ET TYPE d''EXPERTISE REQUIS.

Dipl ômé(e) d''un Bac+5 en école d ''ingénieur ou équivalent universitaire avec une spécialisation en informatique, ou justifiant d ''une expérience significative équivalente
Expérience de 3 à 7 ans en Java','Développeur web Java/Développeuse web Java','LinkedIn','EN_COURS','https://www.linkedin.com/jobs/view/4305348879');
INSERT INTO public.job (date_candidature, date_expiration, date_lancement, date_reponse, entreprise_id, id, description, nom, site_recommandation, status, url_offre) VALUES ('2025-09-30', NULL,'2025-09-24', NULL, 43, 15,'Dans le cadre de notre croissance, nous recherchons un Développeur d''applications passionné et motivé pour rejoindre notre équipe technique.

Vous participerez au développement, à la maintenance et à  l''amélioration de nos applications mobiles et/ou web, tout en garantissant performance, sécurité et qualité.

Missions principales

Concevoir, développer et tester de nouvelles fonctionnalités.

Participer à  l''analyse des besoins et à la rédaction des spécifications techniques.

Assurer la maintenance évolutive et corrective des applications existantes.

Collaborer avec  l''équipe produit, design et QA.

Contribuer à  l''amélioration continue (code review, bonnes pratiques, documentation).

Compétences techniques recherchées

Maëtrise d''au moins un langage : Java, Kotlin, Swift, JavaScript, Python, C#… (selon vos besoins).

Connaissance des frameworks modernes (Spring, .NET, React, Angular, Flutter, etc.).

Expérience avec les bases de données (SQL, NoSQL).

Bonnes pratiques en développement collaboratif (Git, CI/CD, tests unitaires).

Notions de sécurité et performance applicative.

Profil recherché

Formation Bac+3 à Bac+5 en informatique (ou expérience équivalente).

Expérience en développement d''applications (stage, alternance ou poste confirmé).

Esprit d''équipe, autonomie, rigueur et curiosité technologique.

Capacité à proposer des solutions et à travailler en mode agile.

Localisation : Mohammedia

Rémunération : selon profil et expérience.','Développeur d''applications (H/F)-Mohammedia','LinkedIn','EN_COURS','https://jobs.explorgo.nl/outsorgroup-ew9sa8tl/d-veloppeur-d-applications-h-f-mohammedia-252859/?ref=aHR0cHM6Ly93d3cubGlua2VkaW4uY29tLw==');
INSERT INTO public.job (date_candidature, date_expiration, date_lancement, date_reponse, entreprise_id, id, description, nom, site_recommandation, status, url_offre) VALUES ('2025-09-30', NULL,'2025-09-23', NULL, 44, 16,'We are One Team. We make it happen. We are Unstoppable.

Babel est une multinationale espagnole qui compte à peu près de 3000 employés dans le monde présente déjà dans 4 continents qui offre des services en technologies nouvelles visant à accompagner les grandes organisations dans leur processus de transformation digitale.

Quel est notre plan stratégique ?

Nous regardons vers  l ''avenir ! Notre plan stratégique Hyperspace 2029 promet d ''être un voyage passionnant, plein d ''opportunités de croissance et de développement professionnel. Atteindre un chiffre d ''affaires de 1 milliard d ''euros, un défi que nous sommes sûrs de relever Grâce à la collaboration et au talent de notre équipe, sera une autre histoire de succès que nous écrirons ensemble.

Quel profil nous recherchons?

On recrute un développeur Full stack , avec  l ''expérience ci-après :

 Développement Java/J2EE (Maitrise du socle technique Spring/springBoot).
 Gestion des Problématiques Front-end et Back-end
 Développement React (Redux, MaterielUI)
 Maitrise des API et des différents modes d ''intégration (Kafka, MQ, …)
 Maitrise de CI/CD (GIT, GITFlow, Jenkins, nexus, ...)
 Maitrise des BDDs SQL et NOSQL (Exp : MangoDB)
 Familier avec les solutions contenérisables, maëtrise de Docker
 Implication dans  l ''implémentation, tests et correctifs de  l ''architecture choisi pour la solution
 Accompagnement des métiers et adaptation du code pour les correctifs fonctionnels.
 Gestion de la configuration et de versionning via  l ''outil Git Lab

#BABEL

Que proposons-nous ?

Babel, the great way to achieve the success.

Veux-tu faire partie d ''une équipe en expansion, engagée et innovante qui fait  l ''histoire chaque jour ? Chez Babel, nous t''accompagnons sur le chemin du succès. Nous croyons au talent des personnes et nous voulons le valoriser en vous offrant un excellent environnement de travail basé sur la collaboration et la solidarité.

Travailler chez Babel, c ''est bien plus que travailler dans une entreprise, c ''est rejoindre une équipe de personnes avec une mission partagée et un modèle d ''entreprise axé sur les valeurs.

De plus,

Nous investissons dans la formation de nos Babelievers.
Nous investissons dans ta santé physique et émotionnelle. (Assurance Maladie Privée / Assurance Vie, Plan de retraite).
Nous investissons également dans ton temps libre (Team building, Happy Day, AfterWork, Team Day.. )
Nous participons à la croissance de  l ''entreprise et reconnaissons la contribution de chaque personne (Prime de Bénéfices).
Nous mettons  l ''accent sur le travail avec les dernières technologies et les projets innovants, mais surtout, nous accompagnons la transformation numérique et rapprochons la technologie de la société.

Acceptes-tu le défi ? Nous t''attendons !

Chez Babel, nous favorisons un environnement de travail basé sur le respect de nos professionnels, le développement professionnel et la promotion de  l ''égalité des chances sans aucune discrimination.

Conformément à la législation en vigueur en matière de protection des données, nous vous informons que le GRUPO BABEL est responsable de vos données personnelles (voir les entreprises dans la politique de confidentialité), et qu''il les utilisera pour gérer vos processus de sélection, actuels et futurs, ainsi que pour les autres finalités décrites sur le site web. Ce traitement est basé sur le consentement du candidat. Les données personnelles collectées ne seront en aucun cas transférées à des tiers, sauf en cas d ''obligations légales expresses. Vous pouvez exercer vos droits en matière de protection des données à  l ''adresse suivante : data.protection@babelgroup.com. Toutes les informations sur la politique de confidentialité sont disponibles sur notre site web.','Développeur Java J2E','LinkedIn','EN_COURS','https://www.linkedin.com/jobs/view/4302407267');
INSERT INTO public.job (date_candidature, date_expiration, date_lancement, date_reponse, entreprise_id, id, description, nom, site_recommandation, status, url_offre) VALUES ('2025-09-30', NULL,'2025-09-23', NULL, 45, 17,'Le groupe Theodo accompagne depuis 2009 les entreprises innovantes dans la conception, le développement et le déploiement de produits digitaux ingénieux, en tirant parti du meilleur de la technologie et de  l''approche Lean.

Notre approche unique est fondée sur 3 principes :

 nous avons développé des expertises reconnues dans les technologies clés de la conception et du développement produit;
 quelle que soit  l''étape du projet, notre priorité à chaque décision est la création de valeur pour nos clients;
 nous recrutons les meilleurs talents digitaux et cultivons leur ingéniosité Grâce à  l''approche lean.

Theodo connait une croissance exceptionnelle depuis 15 ans : nos équipes rassemblent plus de 700 Theodoers, principalement des Software Engineers, passionnés de technologie et d''amélioration continue. Avec la croissance, le groupe s''est structuré en entités spécialisées par technologies (Theodo Apps, Theodo Cloud, Theodo Data & AI) ou par industries (Theodo Fintech, Theodo Govtech et Theodo Heathtech). En 2024, le groupe Theodo génère 90M€ de CA.

 l''histoire de Theodo au Maroc commence en 2017, avec la création de Nimbleways, une entreprise tech fondée par un entrepreneur marocain ayant  l ''ambition de faire de "la world class tech made in Morocco". En 2019, Nimbleways rejoint le groupe Theodo et en adopte le nom quelques années plus tard.

Aujourd''hui, Theodo compte plus de 80 Theodoers à Casablanca. Nous partageons la même mission que nos homologues à Paris ou Londres : accompagner des scales-ups et de grandes entreprises au Maroc et à  l ''international dans la conception, le développement et la maintenance de produits digitaux ingénieux.

Tes Futures Missions

En tant que Développeur Mobile Flutter, tu joueras un rôle	 clé dans la conception et le développement d ''applications mobiles cross-platform performantes et élégantes. Tu seras impliqué(e) sur toutes les phases des projets :

 Concevoir des architectures mobiles robustes et scalables.
 Développer des interfaces fluides et ergonomiques avec Flutter (Dart).
 Collaborer étroitement avec les UX/UI designers pour offrir une expérience utilisateur exceptionnelle.
 Participer à des revues de code et à la mise en place de bonnes pratiques.
 Assurer une veille continue pour intégrer les dernières tendances et innovations mobile.

Ton Profil

 Tu maëtrises Flutter et Dart, avec une expérience concrète sur plusieurs projets.
 Tu as de bonnes bases en développement natif (Android ou iOS est un plus).
 Tu es sensible à  l ''UX/UI et aux performances des apps.
 Tu es autonome, curieux(se) et aimes partager tes connaissances.
 Tu sais travailler en équipe dans un environnement agile.

 Pourquoi rejoindre Theodo Morocco ? 

Chez Theodo Morocco,  l''amélioration Continue Est Au Cœur De Notre Culture. Dès Votre Arrivée, Vous Bénéficierez De

 Un onboarding structuré et un coach dédié pour une montée en compétence rapide.
 Des rituels Lean (dojos, rétrospectives, kaizen) pour avancer efficacement.
 Un accès direct aux experts (CTO, architectes, tech leads) pour échanger et innover.
 Participez à des guildes d ''expertises (Serverless, Sécurité, GreenIT, etc.).
 Une communauté tech active (tech talks, hackathons, meetups) pour partager et progresser.
 Des projets variés et stimulants : travaillez sur des applications mobiles innovantes, des plateformes e-commerce performantes, et bien plus encore.
 Un réseau international : collaborez avec plus de 450 développeur au sein du groupe Theodo répartis en France, au Maroc et au UK.
 Des perspectives de carrière : développez vos compétences techniques et transversales (coaching, marketing technique, recrutement) et accédez à des opportunités d''évolution vers des rôle	s de leadership.

 Prêt(e) à nous rejoindre ? 

Chez Theodo, nous sommes convaincus que la diversité est une richesse et que  l''égalité des chances est essentielle pour construire des équipes performantes et épanouies. c''est pourquoi notre processus de recrutement est conçu pour être équitable, bienveillant et fondé sur les compétences. Nous accueillons toutes les candidatures, sans distinction de genre, d''origine, d''orientation sexuelle, d''├óge, de situation de handicap ou de croyances.','Développeur Mobile Flutter - Casablanca CDI - Theodo Maroc','LinkedIn','EN_COURS','https://www.linkedin.com/jobs/view/4305548542');
INSERT INTO public.job (date_candidature, date_expiration, date_lancement, date_reponse, entreprise_id, id, description, nom, site_recommandation, status, url_offre) VALUES ('2025-09-30', NULL,'2025-09-29', NULL, 46, 18,'Ç propos de  l''offre d''emploi BlackStone eIT is seeking a Front End Developer to join our team. As a Front End Developer, you will be responsible for creating and implementing user interfaces for web applications. You will work closely with our design and development teams to ensure the best user experience. Responsibilities: Create responsive web pages using HTML, CSS, and JavaScript Collaborate with designers and developers to implement user interface elements Optimize web applications for maximum speed and scalability Ensure cross-browser compatibility and resolve any related issues Stay up-to-date with the latest design and development trends Requirements: Bachelor''s degree in Computer Science or related field Minimum 4 years of experience as a Front End Developer Proficiency in HTML, CSS, and JavaScript Experience with front-end frameworks such as Angular or React Knowledge of UI/UX principles Familiarity with version control systems such as Git Strong problem-solving and communication skills Requirements Bachelor''s degree in Computer Science or related field Minimum 2 years of experience as a Front End Developer Proficiency in HTML, CSS, and JavaScript Experience with front-end frameworks such as Angular or React Knowledge of UI/UX principles Familiarity with version control systems such as Git Strong problem-solving and communication skills','Front-End Developer','LinkedIn','EN_COURS','https://www.linkedin.com/jobs/view/4308430628');
INSERT INTO public.job (date_candidature, date_expiration, date_lancement, date_reponse, entreprise_id, id, description, nom, site_recommandation, status, url_offre) VALUES ('2025-09-30', NULL,'2025-09-29', NULL, 47, 19,'­* Yakeey recrute : Développeur Backend Confirmé Java/Spring Boot ­*
Tu es passionné(e) par le développement backend et tu maëtrises Java et Spring Boot ? Rejoins Yakeey, une entreprise innovante du secteur immobilier basée à Casablanca, et participe à des projets stimulants et à fort impact.


­* Tes missions :
* Concevoir et développer des applications backend robustes et performantes en Java/Spring Boot.
* Contribuer à la définition de  l''architecture et à  l''évolution des systèmes.
* Collaborer avec les équipes frontend, QA et DevOps pour garantir des livraisons de qualité.
* Encadrer et partager ton expertise avec les développeurs juniors.


-* Profil recherché :
* Minimum 3 ans d''expérience en développement backend Java.
* Maëtrise de Java 17, Spring Boot, JPA/Hibernate et des APIs RESTful.
* Solide connaissance des bases de données relationnelles et NoSQL.
* Expérience avec les outils CI/CD, les tests unitaires et d''intégration.
* Esprit d''équipe, curiosité et capacité à résoudre des problèmes complexes.
* La maëtrise de Python est un plus.


- Nous offrons :
* Un environnement de travail stimulant et collaboratif.
* Des projets innovants avec un impact concret sur le produit.
* Des opportunités de formation et d''évolution.
* De la flexibilité (télétravail partiel possible selon profil).
','Développeur Java Confirmé','LinkedIn','EN_COURS','https://www.linkedin.com/jobs/view/4308483462');
INSERT INTO public.job (date_candidature, date_expiration, date_lancement, date_reponse, entreprise_id, id, description, nom, site_recommandation, status, url_offre) VALUES ('2025-09-30', NULL,'2025-09-29', NULL, 48, 20,'Ç propos de  l''offre d''emploi
About Pay10

Pay10 is a global payment solutions provider with a presence across India, the UAE, Bahrain, Egypt, Hungary, Morocco and other key markets. Through its consumer and merchant platforms, Pay10 enables seamless digital payments, cross-border transfers, merchant acquiring, and value-added services, all built on world-class compliance and security standards.


Pay10 Morocco

As part of its global expansion, Pay10 has established a new regional office in Morocco, which is preparing to launch its payment activities in full compliance with Bank Al-Maghribs regulations. Pay10 Morocco will introduce innovative and seamless payment solutions for consumers, agents, and merchants, combining the group''s international expertise with Moroccos dynamic and expanding financial ecosystem.


Position Summary

We are looking for skilled Full Stack Developers proficient in Angular (frontend) and Java/Spring Boot (backend) to design and develop scalable web applications.


Key Responsibilities

Frontend (Angular)

Build responsive and modern web interfaces using HTML5, CSS3, TypeScript.
Develop dynamic SPAs with Angular (components, services, routing, forms).
Implement layouts using Bootstrap/Angular Material.
Utilize Angular CLI for builds, testing, and scaffolding.


Backend (Java/Spring)

Design and implement scalable REST APIs with Spring Boot.
Work with MySQL, PostgreSQL, and MongoDB.
Use Hibernate/JPA for ORM.
Develop microservices using Spring Cloud and Docker.
Implement security (Spring Security, OAuth2, JWT).
Write unit/integration tests with JUnit, Mockito, Spring Test.


General & Soft Skills

Follow Agile/Scrum methodologies.
Use Git (GitHub/GitLab/Bitbucket) for version control.
Ensure cross-browser compatibility and performance optimization.
Strong communication, problem-solving, and collaboration skills.


Qualifications

Bachelor s degree in Computer Science or related field.
3-6 years of experience in full stack development.
Hands-on experience in Angular + Spring Boot.
Familiarity with microservices and CI/CD pipelines is a plus.
','Full Stack Engineer (Angular + Java Spring)','LinkedIn','EN_COURS','https://www.linkedin.com/jobs/view/4306124276');
INSERT INTO public.job (date_candidature, date_expiration, date_lancement, date_reponse, entreprise_id, id, description, nom, site_recommandation, status, url_offre) VALUES ('2025-10-04', NULL,'2025-10-02', NULL, 49, 21,'Ç propos de  l''offre d''emploi
Missions principales

Développement d''applications Et De Portails

Participer à la conception et au développement d''applications web et de portails digitaux, en respectant les meilleurs standards en matière d''architecture, de sécurité et de performance.

Implémentation Des User Stories

Développer les fonctionnalités définies dans les user stories qui lui sont assignées, dans un environnement Agile (Scrum), en garantissant la qualité du code livré.

Contribution à La Qualité Logicielle

Assurer la maintenabilité, la robustesse et la sécurité du code via  l ''application des bonnes pratiques de développement (clean code, revues de code, tests unitaires et automatisés...).

Travail Collaboratif En Environnement Agile

Collaborer étroitement avec les autres membres de  l''équipe (Product Owner, Scrum Master, testeurs, designers...) pour livrer des solutions efficaces, alignées sur les besoins utilisateurs et les objectifs métier.

Compétences requises

Maëtrise des langages de développement frontend et/ou backend :

Java, JavaScript, Spring Boot, React, etc.

Bonne Connaissance Des Standards d''architecture Logicielle

MVC, microservices, RESTful APIs, etc.

Maîtrise Des Pratiques De Sécurité Applicative

OWASP, gestion des accès, chiffrement des données, etc.

Expérience dans un environnement de développement Agile / Scrum.

Bonne maëtrise des outils de versioning et d''intégration continue :

Git, Jenkins, GitLab CI, etc.

Capacité à produire un code clair, modulaire, documenté et conforme aux standards de qualité.','Développeur Informatique Frontend/Backend','LinkedIn','EN_COURS','https://www.linkedin.com/jobs/view/4310429144');
INSERT INTO public.job (date_candidature, date_expiration, date_lancement, date_reponse, entreprise_id, id, description, nom, site_recommandation, status, url_offre) VALUES ('2025-10-04', NULL,'2025-10-02', NULL, 50, 22,'À propos de  l''offre d''emploi
Qui sommes-nous ?


Redsen est un cabinet de conseil de 160 collaborateurs en Suisse. Cela signifie que notre mission est d''accompagner nos clients lors de leurs projets informatiques et métiers de 3 manières :


Ô£à Conseil stratégique et opérationnel
Ô£à Mise à disposition d''expertises
Ô£à Développement technique par le biais de notre centre de services


Dans le cadre de notre croissance continue, nous recherchons un Développeur Angular H/F pour nous rejoindre et intervenir chez  l ''un de nos clients.


-- Envie d''un nouveau défi ? Regardez s''il vous correspond !




- VOS MISSIONS PRINCIPALES



Développer des interfaces web performantes et évolutives avec Angular (version 2+), en vous appuyant sur une solide expérience (minimum 7 ans).
Concevoir et maintenir du code propre et structuré en TypeScript, HTML et CSS/Sass.
Intégrer un design system pour assurer la cohérence visuelle et fonctionnelle des applications.
Mettre en place et gérer des parcours utilisateurs complexes, incluant  l''authentification multi-profils et ses impacts sur  l''expérience utilisateur.
Consommer et intégrer des API REST,  qu''elles soient internes ou fournies par des services tiers.
Collaborer étroitement avec les équipes Backend (Node.js/Express), UX/UI et DevOps pour garantir une livraison fluide et alignée des fonctionnalités.


­- VOTRE PROFIL



Vous êtes dipl ômé(e) d ''études supérieures (Ecole d ''ingénieurs/Master ou équivalent)
Vous disposez d ''une expérience de 7 ans minimum en développement Front end.
Une solide expertise en Angular, avec une réelle capacité à concevoir des interfaces complexes et maintenables.
Un sens du détail et une exigence constante pour livrer un code de qualité.
De bonnes compétences en communication et un esprit d''équipe : vous savez collaborer efficacement avec les profils techniques comme non techniques.
Des connaissances en Azure, Node.js ou Guidewire Policy Center seraient un plus apprécié, sans être obligatoires.
Français bilingue /C1, Anglais B2




-VOS INFORMATIONS DU POSTE



- Type de contrat : CDI
- Date de début : Dès que possible
- Localisation : Casablanca, Maroc
- Télétravail : Oui (2 jours/semaine)


­-POURQUOI REDSEN SUISSE ?



Rejoignez un cabinet à taille humaine, indépendant, au service de clients variés.
Profitez d''un cadre exceptionnel en Suisse : qualité de vie, nature, activités, culture, ...
- Une évolution qui suit votre ambition : un plan de carrière personnalisé et  l ''accès à des formations et certifications.
- Un accompagnement sur mesure : un management de proximité et une équipe RH toujours disponible pour vous guider dès votre arrivée et vous soutenir lors de vos missions.
Les activités insolites de la Redsen League : poterie, wakesurf, paddle, stand de tir, quizzroom… et bien sûr, le week-end ski !


Un cabinet engagé dans la Responsabilité Sociétale et Environnementale, reconnue par la certification B Corp ­ƒî▒


Vous souhaitez rejoindre  l''aventure Redsen ?


­- Candidatez dès maintenant !','Développeur Angular (H/F)','LinkedIn','EN_COURS','https://www.linkedin.com/jobs/view/4307542962');
INSERT INTO public.job (date_candidature, date_expiration, date_lancement, date_reponse, entreprise_id, id, description, nom, site_recommandation, status, url_offre) VALUES ('2025-10-04', NULL,'2025-10-02', NULL, 51, 23,'Ç propos de  l''offre d''emploi
We are One Team. We make it happen. We are Unstoppable.

Babel est une multinationale espagnole qui compte à peu près de 3000 employés dans le monde présente déjà dans 4 continents qui offre des services en technologies nouvelles visant à accompagner les grandes organisations dans leur processus de transformation digitale.

Quel est notre plan stratégique ?

Nous regardons vers  l ''avenir ! Notre plan stratégique Hyperspace 2029 promet d ''être un voyage passionnant, plein d ''opportunités de croissance et de développement professionnel. Atteindre un chiffre d ''affaires de 1 milliard d ''euros, un défi que nous sommes sûrs de relever Grâce à la collaboration et au talent de notre équipe, sera une autre histoire de succès que nous écrirons ensemble.

Quel profil nous recherchons?

Profil :

 Diplome Bac+5 en Informatique
 2 à 5 ans d ''expérience en développement Mobile Flutter
 Expérience dans le secteur bancaire ou assurantiel

Missions:

Développer les nouvelles fonctionnalités en garantissant une stabilité de notre application.
Maintenir et améliorer la qualité de nos services en travaillant avec notre Team -Produit et ce afin d''accompagner le scale.
Veiller à ce que nos applications restent performantes, sécurisée et stables.
├ètre acteuràtrice de bests practices et de  l''automatisation : code reviews, tests, veille, documentation, chaînes CI/CD, monitoring et logging, mentoring…
Stack technique : Flutter, Bitrise, Shopify API, PostgreSQL, Firebase, Heroku, AWS, TypeScript
Méthodologie : Cycles (Linear), DevOps

#Babel

Que proposons-nous ?

Babel, the great way to achieve the success.

Veux-tu faire partie d ''une équipe en expansion, engagée et innovante qui fait  l ''histoire chaque jour ? Chez Babel, nous t''accompagnons sur le chemin du succès. Nous croyons au talent des personnes et nous voulons le valoriser en vous offrant un excellent environnement de travail basé sur la collaboration et la solidarité.

Travailler chez Babel, c ''est bien plus que travailler dans une entreprise, c ''est rejoindre une équipe de personnes avec une mission partagée et un modèle d ''entreprise axé sur les valeurs.

De plus,

Nous investissons dans la formation de nos Babelievers.
Nous investissons dans ta santé physique et émotionnelle. (Assurance Maladie Privée / Assurance Vie, Plan de retraite).
Nous investissons également dans ton temps libre (Team building, Happy Day, AfterWork, Team Day.. )
Nous participons à la croissance de  l ''entreprise et reconnaissons la contribution de chaque personne (Prime de Bénéfices).
Nous mettons  l ''accent sur le travail avec les dernières technologies et les projets innovants, mais surtout, nous accompagnons la transformation numérique et rapprochons la technologie de la société.

Acceptes-tu le défi ? Nous t''attendons !

Chez Babel, nous favorisons un environnement de travail basé sur le respect de nos professionnels, le développement professionnel et la promotion de  l ''égalité des chances sans aucune discrimination.

Conformément à la législation en vigueur en matière de protection des données, nous vous informons que le GRUPO BABEL est responsable de vos données personnelles (voir les entreprises dans la politique de confidentialité), et qu''il les utilisera pour gérer vos processus de sélection, actuels et futurs, ainsi que pour les autres finalités décrites sur le site web. Ce traitement est basé sur le consentement du candidat. Les données personnelles collectées ne seront en aucun cas transférées à des tiers, sauf en cas d ''obligations légales expresses. Vous pouvez exercer vos droits en matière de protection des données à  l ''adresse suivante : data.protection@babelgroup.com. Toutes les informations sur la politique de confidentialité sont disponibles sur notre site web.

Infos sur  l''entreprise','Développeur Flutter','LinkedIn','EN_COURS','https://www.linkedin.com/jobs/view/4308804582');
INSERT INTO public.job (date_candidature, date_expiration, date_lancement, date_reponse, entreprise_id, id, description, nom, site_recommandation, status, url_offre) VALUES ('2025-10-06', NULL,'2025-10-03', NULL, 53, 26,'Ç propos de nous
Nous développons une solution SaaS innovante dans le domaine de la gestion intelligente et automatisée, combinant connectivité API, automatisation et intégrations IoT. Basée à Casablanca, notre équipe cherche un développeur back-end talentueux capable de construire des architectures performantes et de gérer des intégrations complexes avec des APIs tierces.

Vos missions

Concevoir et maintenir  l''architecture back-end du SaaS.
Intégrer des APIs (Airbnb, Stripe, Tuya, TTLock, etc.).
Gérer la communication entre le front-end (React.js) et le back-end.
Créer des endpoints sécurisés, documentés et scalables.
Mettre en place des systèmes d''authentification (OAuth2, JWT).
Participer à la conception de bases de données performantes et évolutives.
Collaborer avec les équipes produit et front-end pour une intégration fluide.
Compétences requises

Solide maëtrise d''un langage back-end moderne (Node.js / Python / Go).
Expérience confirmée avec Express.js, NestJS ou équivalent.
Maëtrise de la gestion et documentation d''API REST / GraphQL.
Bonne compréhension de React.js pour assurer la cohérence front/back.
Connaissance des bases de données SQL / NoSQL (PostgreSQL, MongoDB).
Gestion d''authentification et de rôle	s utilisateurs.
Notions en Docker, CI/CD, et déploiement sur le cloud (AWS, GCP, etc.).
Bonne pratique du versioning (Git) et des workflows collaboratifs.
Compétences optionnelles (atouts)

Expérience en IoT (intégration de dispositifs connectés, protocoles).
Connaissances en intelligence artificielle / machine learning.
Expérience sur des architectures microservices.
Familiarité avec les intégrations API SaaS
Profil recherché

Autonome, rigoureux et curieux, vous aimez résoudre des problèmes techniques.
Vous avez déjà travaillé sur un projet SaaS en production.
Vous êtes à  l''aise dans un environnement agile et en constante évolution.
Vous aimez collaborer et proposer des solutions techniques adaptées.','Développeur Full Stack H/F','Indeed','EN_COURS','https://ma.indeed.com/viewjob?jk=320bd4b0bf474568&from=shareddesktop_copy');
INSERT INTO public.job (date_candidature, date_expiration, date_lancement, date_reponse, entreprise_id, id, description, nom, site_recommandation, status, url_offre) VALUES ('2025-10-06', NULL,'2025-10-04', NULL, 54, 27,'Ç propos de  l''offre d''emploi
Chez Devoteam, nous sommes des « Digital Transformakers ». Le respect, la franchise et la passion animent chaque jour notre tribu.

Ensemble, nous aidons nos clients à remporter la bataille du Digital : du conseil à la mise en œuvre de technologies innovantes, jusqu''à  l''adoption des usages.

Cloud, Cybersecurity, Data, DevOps, Fullstack Dev, Low Code, RPA n''ont plus aucun secret pour notre tribu !

Nos 10 000+ collaborateurs sont certifiés, formés et accompagnés au quotidien pour relever de nouveaux challenges innovants.

Leader du Cloud, de la Cybersécurité et de la Data en EMEA, le Groupe Devoteam a réalisé en 2022 un chiffre d''affaires de 1,036 milliard d''euros et se donne pour ambition de le doubler dans les 5 années à venir.

Devoteam Maroc, acteur de référence dans les expertises IT depuis plus de 30 ans (350+ consultants) accélère sa croissance en développant ses activités d''expertise en nearshore pour répondre aux besoins de nos clients français, européens et moyen orientaux.

Es-tu prêt(e) à nous rejoindre et relever ensemble ce défi ?

Description Du Poste

Missions principales :

Concevoir et développer des applications web fullstack avec Java (Spring Boot) c ôté back-end et Angular c ôté front-end. 
Participer à  l''analyse des besoins fonctionnels et techniques. 
Rédiger la documentation technique et assurer la qualité du code. 
Implémenter des tests unitaires et d''intégration. 
Participer aux revues de code et assurer un haut niveau de qualité logicielle. 
Contribuer à  l ''amélioration continue des pratiques de développement (CI/CD, DevOps, agilité). 
Encadrer et accompagner les membres plus juniors de  l''équipe. 


Environnement technique :

Back-end : Java 11/17, Spring Boot, JPA, Hibernate, REST APIs
Front-end : Angular 12+, TypeScript, HTML5, CSS3
Base de données : PostgreSQL, Oracle, MySQL
Outils : Git, Maven, Jenkins, Docker, Kubernetes
Méthodologie : Scrum / Agile


Qualifications

Profil recherché :

Bac+5 en informatique (école d''ingénieurs ou équivalent universitaire)
5 ans d''expérience minimum en développement Java et Angular
Bonne maëtrise de  l''architecture microservices et des environnements DevOps
Autonomie, rigueur et capacité à travailler en équipe
Excellente communication, en français (et idéalement en anglais)


Informations supplémentaires

https://www.linkedin.com/company/devoteam
https://twitter.com/devoteam
https://www.facebook.com/devoteam','Développeur Sénior Full Stack Java/Angular (H/F)','LinkedIn','EN_COURS','https://www.linkedin.com/jobs/view/4309761951');
INSERT INTO public.job (date_candidature, date_expiration, date_lancement, date_reponse, entreprise_id, id, description, nom, site_recommandation, status, url_offre) VALUES ('2025-10-06', NULL,'2025-10-01', NULL, 55, 28,'Ç propos de  l''offre d''emploi
Joining Cnexia is choosing to be part of an ambitious project that values Innovation, promotes Continuous Learning and enables all tech champions to fulfill their creative dreams.


At Cnexia, we do more than support the clients of our world-class network and services. We develop innovative solutions and create original multiplatform media content. In fact, we''re revolutionizing how Canadians communicate on the web, interact with Mobile Apps or benefit from an AI-enhanced experience.


Proud of our status as a fully owned Moroccan subsidiary of the largest Canadian Telecom company, we have been ceaselessly growing our team since 2021. With over 1100 employees, mainly based in Fez, we have expanded in the northern region of the kingdom with our Brand-new state of the art site in Technopolis Rabat.


If you are ready for this challenge, we invite you to join a community that values bold ideas and professional growth all in an engaging multi-cultural world-class environment.


As a Software Developer, your main responsibilities will be as follows:


Working with business users and the application vendor to record
Track and resolve application issues in a timely manner.


Profile main requirements (must have qualifications) :



University or college degree in engineering, computer sciences, physic, mathematics or relevant experience in equivalent domain
Excellent communication skills in French and English
Minimum of +1 years as a Software Developer
Clear and concise communication in electronic and in-person formats with computer users experiencing difficulties to determine and document problems experienced
Ability to troubleshoot problems; being able to reproduce, diagnose and resolve technical problems encountered by users
Strong customer service mindset
Understanding business operations in a telecommunication service delivery and support
 Application Administration


Nice To Have :



Ability to work effectively with cross-functional teams and build strong relationships.
Ability to prioritize tasks, and produce high-quality work with a focus on accuracy and precision.','Jr Software Developer','LinkedIn','EN_COURS','https://www.linkedin.com/jobs/view/4307668783');
INSERT INTO public.job (date_candidature, date_expiration, date_lancement, date_reponse, entreprise_id, id, description, nom, site_recommandation, status, url_offre) VALUES ('2025-10-09', NULL,'2025-10-07', NULL, 57, 30,'Description du poste
Lieu : Casablanca - Présentiel
Contrat : CDI
Expérience : 2 ans minimum
Disponibilité : Dès que possible

Ç propos de nous

Nous sommes une entreprise en pleine croissance, basée à Casablanca, portée par une vision claire : simplifier et automatiser des processus complexes Grâce à la technologie. Nous travaillons sur des projets innovants qui ont un impact concret au quotidien pour nos utilisateurs.

Dans le cadre du développement d''une plateforme web ambitieuse, nous recherchons un(e) développeuràse full stack motivé(e), rigoureuxàse et force de proposition pour rejoindre notre équipe tech.

Ce que vous ferez

Concevoir et développer des fonctionnalités front-end en React (hooks, context, etc.)
Participer à la conception de  l''architecture back-end avec Laravel
Collaborer avec les autres membres de  l''équipe pour construire une application robuste, évolutive et performante
Proposer des solutions techniques pertinentes et innovantes
Assurer la qualité du code (tests, revues, documentation)
Contribuer à  l''évolution continue de notre environnement technique
Compétences techniques recherchées

Maëtrise de React (avec ou sans TypeScript)
Solide expérience avec Laravel (PHP)
Bonne connaissance de bases de données relationnelles (MySQL / PostgreSQL)
Compréhension des API REST et/ou GraphQL
Pratique des outils de versioning (Git)
Sensibilité aux bonnes pratiques de clean code et d''architecture logicielle
Bonus appréciés

Expérience dans le développement d ''applications mobiles (React Native, Flutter ou autres)
Connaissances en DevOps (Docker, CI/CD)
Expérience avec des outils d''authentification et gestion d''utilisateurs
Familiarité avec les enjeux liés à la sécurité web
Profil recherché

Vous aimez travailler en équipe et partager vos idées
Vous êtes autonome, curieuxàse et à  l''aise dans un environnement agile
Vous êtes capable de vous adapter à un projet en constante évolution
Pourquoi nous rejoindre ?

Un projet stimulant avec un fort potentiel d''évolution
Une équipe à taille humaine, soudée et bienveillante
Des possibilités d''évolution vers plus de responsabilités ou de spécialisation technique
Une grande autonomie dans votre travail et vos choix technologiques
Intéresséàe ?

Envoyez votre CV, portfolio ou projets GitHub.

On a hâte de vous rencontrer à Casablanca !

Type d ''emploi : Temps plein

Formation:

Licence (Requis)
Permis/certification:

Diplôme (Requis)
','Développeur Full Stack','Indeed','EN_COURS','https://ma.indeed.com/viewjob?jk=db74c851d5e44fe5&from=shareddesktop_copy');
INSERT INTO public.job (date_candidature, date_expiration, date_lancement, date_reponse, entreprise_id, id, description, nom, site_recommandation, status, url_offre) VALUES ('2025-10-09', NULL,'2025-10-08', NULL, 58, 31,'Ç propos de  l''offre d''emploi
Au sein d''une équipe projet fonctionnant en mode collaboratif et Agile Scrum, Kanban, vous serez  l''un des ingénieurs logiciels, travaillant en coordination avec le Product Owner, le technical leader, les métiers et les équipes partenaires.


Dans ce contexte Agile, vous effectuerez différentes tâches :
 l''estimation du niveau d''effort de développement des User stories
La définition des spécifications détaillées à partir des User stories
Le développement selon une architecture logicielle établie
La conduite des tests unitaires et d''intégration 2 à 2
Le développement des outillages de test associés
 l''automatisation et  l''industrialisation des opérations régulières (process de build, les tests, les audits de qualité de code, la containerisation du code, …)
La préparation des packages de livraison (mode devops)
Le déploiement sur les environnements d''intégration et de production
Le support technique et la maintenance corrective et adaptative des éléments délivrés sur les environnements d''intégration et de production
Vous êtes en relation avec le Product Owner pour gérer le backlog et définir les US
Assurer un support technique / fonctionnel N3 par rapport à des difficultés opérationnelles aux utilisateurs de  l''application
Participation au CAB et préparation des MEP pour les versions intermédiaires et majeures + support à la mise en production des versions majeures
Contribution à la gestion du board Kanban, priorisation des feedbacks
Contribution au découpage des épics et sa validation avec le PO
Prise en charge des tests inter-sprints avec les demandeurs
Rédaction /mise à jour des manuels utilisateurs et fiches support


Profil recherché :



De formation supérieure en informatique, vous avez une expérience réussie de 4 ans minimum en analyse et développement dans un environnement JAVA.
Vous êtes doté d ''un bon esprit d ''équipe, d ''un très bon relationnel, de fortes capacités d ''adaptation et de solides compétences techniques JAVA, Spring Boot, Angular, React Git.
Des compétences additionnelles sur AWS, Jenkins, GitLab-CI, Sonar, Artifactory, NodeJS, Docker, Kubernetes, Redis, RabbitMQ, Camunda sont un plus.
Nous recherchons une personne autonome, ayant de bonnes capacités d ''adaptation et d ''analyse, curieuse et sachant être force de proposition.
La maëtrise de  l ''anglais technique est nécessaire, permettant de rédiger les livrables en anglais et de communiquer avec nos partenaires anglophones.','Ingénieur Full Stack Java/JEE','LinkedIn','EN_COURS','https://www.linkedin.com/jobs/view/4309945778');


--
-- Data for Name: skill; Type: TABLE DATA; Schema: public; Owner: postgres
--

INSERT INTO public.skill (id, name) VALUES (1,'PostgreSQ l');
INSERT INTO public.skill (id, name) VALUES (2,'Java');
INSERT INTO public.skill (id, name) VALUES (3,'Spring Boot');
INSERT INTO public.skill (id, name) VALUES (4,'Angular');
INSERT INTO public.skill (id, name) VALUES (5,'Angular');
INSERT INTO public.skill (id, name) VALUES (6,'Java');
INSERT INTO public.skill (id, name) VALUES (7,'Spring Boot');
INSERT INTO public.skill (id, name) VALUES (8,'PostgreSQ l');
INSERT INTO public.skill (id, name) VALUES (9,'hh');
INSERT INTO public.skill (id, name) VALUES (10,'java');
INSERT INTO public.skill (id, name) VALUES (11,'java');
INSERT INTO public.skill (id, name) VALUES (12,'github actions');
INSERT INTO public.skill (id, name) VALUES (13,'solid');
INSERT INTO public.skill (id, name) VALUES (14,'kubernetes');
INSERT INTO public.skill (id, name) VALUES (15,'sql');
INSERT INTO public.skill (id, name) VALUES (16,'spring boot');
INSERT INTO public.skill (id, name) VALUES (17,'typescript');
INSERT INTO public.skill (id, name) VALUES (18,'OWASP');
INSERT INTO public.skill (id, name) VALUES (19,'java');
INSERT INTO public.skill (id, name) VALUES (20,'postgresql');
INSERT INTO public.skill (id, name) VALUES (21,'angular');
INSERT INTO public.skill (id, name) VALUES (22,'jenkins');
INSERT INTO public.skill (id, name) VALUES (23,'microservices');
INSERT INTO public.skill (id, name) VALUES (24,'git');
INSERT INTO public.skill (id, name) VALUES (25,'api');
INSERT INTO public.skill (id, name) VALUES (26,'tests unitaires');
INSERT INTO public.skill (id, name) VALUES (27,'sécurité');
INSERT INTO public.skill (id, name) VALUES (28,'oracle');
INSERT INTO public.skill (id, name) VALUES (29,'docker');
INSERT INTO public.skill (id, name) VALUES (30,'ci/cd');
INSERT INTO public.skill (id, name) VALUES (31,'react');
INSERT INTO public.skill (id, name) VALUES (32,'ELK Stack');
INSERT INTO public.skill (id, name) VALUES (33,'websockets');
INSERT INTO public.skill (id, name) VALUES (34,'logs');
INSERT INTO public.skill (id, name) VALUES (35,'k8s');
INSERT INTO public.skill (id, name) VALUES (36,'ui');
INSERT INTO public.skill (id, name) VALUES (37,'event-driven');
INSERT INTO public.skill (id, name) VALUES (38,'aws');
INSERT INTO public.skill (id, name) VALUES (39,'python');
INSERT INTO public.skill (id, name) VALUES (40,'postgresql');
INSERT INTO public.skill (id, name) VALUES (41,'prometheus');
INSERT INTO public.skill (id, name) VALUES (42,'react native');
INSERT INTO public.skill (id, name) VALUES (43,'mongodb');
INSERT INTO public.skill (id, name) VALUES (44,'react');
INSERT INTO public.skill (id, name) VALUES (45,'vue.js');
INSERT INTO public.skill (id, name) VALUES (46,'nosql');
INSERT INTO public.skill (id, name) VALUES (47,'sécurité');
INSERT INTO public.skill (id, name) VALUES (48,'rgpd');
INSERT INTO public.skill (id, name) VALUES (49,'feature flags');
INSERT INTO public.skill (id, name) VALUES (50,'cloud');
INSERT INTO public.skill (id, name) VALUES (51,'grafana');
INSERT INTO public.skill (id, name) VALUES (52,'chiffrement');
INSERT INTO public.skill (id, name) VALUES (53,'symfony');
INSERT INTO public.skill (id, name) VALUES (54,'gcp');
INSERT INTO public.skill (id, name) VALUES (55,'go');
INSERT INTO public.skill (id, name) VALUES (56,'azure');
INSERT INTO public.skill (id, name) VALUES (57,'fastapi');
INSERT INTO public.skill (id, name) VALUES (58,'gitlab ci');
INSERT INTO public.skill (id, name) VALUES (59,'express');
INSERT INTO public.skill (id, name) VALUES (60,'php');
INSERT INTO public.skill (id, name) VALUES (61,'node.js');
INSERT INTO public.skill (id, name) VALUES (62,'api');
INSERT INTO public.skill (id, name) VALUES (63,'redis');
INSERT INTO public.skill (id, name) VALUES (64,'sql');
INSERT INTO public.skill (id, name) VALUES (65,'flutter');
INSERT INTO public.skill (id, name) VALUES (66,'terraform');
INSERT INTO public.skill (id, name) VALUES (67,'authn');
INSERT INTO public.skill (id, name) VALUES (68,'laravel');
INSERT INTO public.skill (id, name) VALUES (69,'mysql');
INSERT INTO public.skill (id, name) VALUES (70,'nest');
INSERT INTO public.skill (id, name) VALUES (71,'angular');
INSERT INTO public.skill (id, name) VALUES (72,'solid');
INSERT INTO public.skill (id, name) VALUES (73,'javascript');
INSERT INTO public.skill (id, name) VALUES (74,'sentry');
INSERT INTO public.skill (id, name) VALUES (75,'mentoring');
INSERT INTO public.skill (id, name) VALUES (76,'restful');
INSERT INTO public.skill (id, name) VALUES (77,'docker');
INSERT INTO public.skill (id, name) VALUES (78,'next.js');
INSERT INTO public.skill (id, name) VALUES (79,'owasp');
INSERT INTO public.skill (id, name) VALUES (80,'anglais technique');
INSERT INTO public.skill (id, name) VALUES (81,'java');
INSERT INTO public.skill (id, name) VALUES (82,'revues de code');
INSERT INTO public.skill (id, name) VALUES (83,'ios');
INSERT INTO public.skill (id, name) VALUES (84,'graphql');
INSERT INTO public.skill (id, name) VALUES (85,'alerting');
INSERT INTO public.skill (id, name) VALUES (86,'github actions');
INSERT INTO public.skill (id, name) VALUES (87,'git');
INSERT INTO public.skill (id, name) VALUES (88,'ci/cd');
INSERT INTO public.skill (id, name) VALUES (89,'authz');
INSERT INTO public.skill (id, name) VALUES (90,'ux');
INSERT INTO public.skill (id, name) VALUES (91,'django');
INSERT INTO public.skill (id, name) VALUES (92,'UI');
INSERT INTO public.skill (id, name) VALUES (93,'K8s');
INSERT INTO public.skill (id, name) VALUES (94,'POSTGRESQL');
INSERT INTO public.skill (id, name) VALUES (95,'ANGLAIS TECHNIQUE');
INSERT INTO public.skill (id, name) VALUES (96,'PROMETHEUS');
INSERT INTO public.skill (id, name) VALUES (97,'GCP');
INSERT INTO public.skill (id, name) VALUES (98,'FASTAPI');
INSERT INTO public.skill (id, name) VALUES (99,'GITHUB ACTIONS');
INSERT INTO public.skill (id, name) VALUES (100,'LARAVEL');
INSERT INTO public.skill (id, name) VALUES (101,'PYTHON');
INSERT INTO public.skill (id, name) VALUES (102,'TERRAFORM');
INSERT INTO public.skill (id, name) VALUES (103,'MONGODB');
INSERT INTO public.skill (id, name) VALUES (104,'RESTFUL');
INSERT INTO public.skill (id, name) VALUES (105,'AWS');
INSERT INTO public.skill (id, name) VALUES (106,'DOCKER');
INSERT INTO public.skill (id, name) VALUES (107,'NOSQL');
INSERT INTO public.skill (id, name) VALUES (108,'JAVA');
INSERT INTO public.skill (id, name) VALUES (109,'VUE.js');
INSERT INTO public.skill (id, name) VALUES (110,'SOLID');
INSERT INTO public.skill (id, name) VALUES (111,'REVUES DE CODE');
INSERT INTO public.skill (id, name) VALUES (112,'CHIFFREMENT');
INSERT INTO public.skill (id, name) VALUES (113,'FEATURE FLAGS');
INSERT INTO public.skill (id, name) VALUES (114,'NEST');
INSERT INTO public.skill (id, name) VALUES (115,'REACT');
INSERT INTO public.skill (id, name) VALUES (116,'WEBSOCKETS');
INSERT INTO public.skill (id, name) VALUES (117,'REDIS');
INSERT INTO public.skill (id, name) VALUES (118,'LOGS');
INSERT INTO public.skill (id, name) VALUES (119,'GRAFANA');
INSERT INTO public.skill (id, name) VALUES (120,'SENTRY');
INSERT INTO public.skill (id, name) VALUES (121,'NODE.js');
INSERT INTO public.skill (id, name) VALUES (122,'ALERTING');
INSERT INTO public.skill (id, name) VALUES (123,'FLUTTER');
INSERT INTO public.skill (id, name) VALUES (124,'AUTHN');
INSERT INTO public.skill (id, name) VALUES (125,'JAVASCRIPT');
INSERT INTO public.skill (id, name) VALUES (126,'CLOUD');
INSERT INTO public.skill (id, name) VALUES (127,'PHP');
INSERT INTO public.skill (id, name) VALUES (128,'RGPd');
INSERT INTO public.skill (id, name) VALUES (129,'AUTHZ');
INSERT INTO public.skill (id, name) VALUES (130,'MYSQ l');
INSERT INTO public.skill (id, name) VALUES (131,'GITLAB CI');
INSERT INTO public.skill (id, name) VALUES (132,'GIT');
INSERT INTO public.skill (id, name) VALUES (133,'API');
INSERT INTO public.skill (id, name) VALUES (134,'GRAPHQ l');
INSERT INTO public.skill (id, name) VALUES (135,'DJANGO');
INSERT INTO public.skill (id, name) VALUES (136,'SËCURITË');
INSERT INTO public.skill (id, name) VALUES (137,'CI/CD');
INSERT INTO public.skill (id, name) VALUES (138,'SQ l');
INSERT INTO public.skill (id, name) VALUES (139,'AZURE');
INSERT INTO public.skill (id, name) VALUES (140,'OWASP');
INSERT INTO public.skill (id, name) VALUES (141,'EXPRESs');
INSERT INTO public.skill (id, name) VALUES (142,'REACT NATIVE');
INSERT INTO public.skill (id, name) VALUES (143,'EVENT-DRIVEN');
INSERT INTO public.skill (id, name) VALUES (144,'IOs');
INSERT INTO public.skill (id, name) VALUES (145,'SYMFONY');
INSERT INTO public.skill (id, name) VALUES (146,'NEXT.Js');
INSERT INTO public.skill (id, name) VALUES (147,'GO');
INSERT INTO public.skill (id, name) VALUES (148,'ANGULAR');
INSERT INTO public.skill (id, name) VALUES (149,'MENTORING');
INSERT INTO public.skill (id, name) VALUES (150,'UX');
INSERT INTO public.skill (id, name) VALUES (155,'EXPRESs');
INSERT INTO public.skill (id, name) VALUES (156,'REDIs');
INSERT INTO public.skill (id, name) VALUES (157,'NEXT.Js');
INSERT INTO public.skill (id, name) VALUES (158,'UI');
INSERT INTO public.skill (id, name) VALUES (159,'SOLId');
INSERT INTO public.skill (id, name) VALUES (160,'NODE.Js');
INSERT INTO public.skill (id, name) VALUES (161,'UX');
INSERT INTO public.skill (id, name) VALUES (162,'WEBSOCKETs');
INSERT INTO public.skill (id, name) VALUES (163,'TYPESCRIPT');
INSERT INTO public.skill (id, name) VALUES (164,'GO');
INSERT INTO public.skill (id, name) VALUES (165,'JAVASCRIPT');
INSERT INTO public.skill (id, name) VALUES (166,'PHP');
INSERT INTO public.skill (id, name) VALUES (167,'SYMFONY');
INSERT INTO public.skill (id, name) VALUES (168,'VUE.Js');
INSERT INTO public.skill (id, name) VALUES (169,'HTM l');
INSERT INTO public.skill (id, name) VALUES (170,'LARAVE l');
INSERT INTO public.skill (id, name) VALUES (171,'UX');
INSERT INTO public.skill (id, name) VALUES (172,'SQ l');
INSERT INTO public.skill (id, name) VALUES (173,'GIT');
INSERT INTO public.skill (id, name) VALUES (174,'SéCURITé');
INSERT INTO public.skill (id, name) VALUES (175,'LOGs');
INSERT INTO public.skill (id, name) VALUES (176,'CSs');
INSERT INTO public.skill (id, name) VALUES (177,'MYSQ l');
INSERT INTO public.skill (id, name) VALUES (178,'NODE.Js');
INSERT INTO public.skill (id, name) VALUES (179,'JAVA');
INSERT INTO public.skill (id, name) VALUES (180,'UI');
INSERT INTO public.skill (id, name) VALUES (181,'API');
INSERT INTO public.skill (id, name) VALUES (196,'SQ l');
INSERT INTO public.skill (id, name) VALUES (197,'UI');
INSERT INTO public.skill (id, name) VALUES (198,'API');
INSERT INTO public.skill (id, name) VALUES (199,'ORACLE');
INSERT INTO public.skill (id, name) VALUES (200,'JAVA');
INSERT INTO public.skill (id, name) VALUES (201,'POSTGRESQ l');
INSERT INTO public.skill (id, name) VALUES (202,'DOCKER');
INSERT INTO public.skill (id, name) VALUES (203,'JENKINs');
INSERT INTO public.skill (id, name) VALUES (204,'GIT');
INSERT INTO public.skill (id, name) VALUES (205,'SPRING BOOT');
INSERT INTO public.skill (id, name) VALUES (206,'MYSQ l');
INSERT INTO public.skill (id, name) VALUES (207,'MICROSERVICEs');
INSERT INTO public.skill (id, name) VALUES (208,'GIT');
INSERT INTO public.skill (id, name) VALUES (209,'POSTGRESQ l');
INSERT INTO public.skill (id, name) VALUES (210,'TYPESCRIPT');
INSERT INTO public.skill (id, name) VALUES (211,'GO');
INSERT INTO public.skill (id, name) VALUES (212,'HTM l');
INSERT INTO public.skill (id, name) VALUES (213,'UI');
INSERT INTO public.skill (id, name) VALUES (214,'CSs');
INSERT INTO public.skill (id, name) VALUES (215,'SQ l');
INSERT INTO public.skill (id, name) VALUES (216,'UX');
INSERT INTO public.skill (id, name) VALUES (217,'REACT');
INSERT INTO public.skill (id, name) VALUES (218,'DOCKER');
INSERT INTO public.skill (id, name) VALUES (219,'DJANGO');
INSERT INTO public.skill (id, name) VALUES (220,'NEXT.Js');
INSERT INTO public.skill (id, name) VALUES (221,'SËCURITË');
INSERT INTO public.skill (id, name) VALUES (222,'IOs');
INSERT INTO public.skill (id, name) VALUES (223,'API');
INSERT INTO public.skill (id, name) VALUES (224,'POSTGRESQ l');
INSERT INTO public.skill (id, name) VALUES (225,'NODE.Js');
INSERT INTO public.skill (id, name) VALUES (226,'JAVASCRIPT');
INSERT INTO public.skill (id, name) VALUES (227,'CI/Cd');
INSERT INTO public.skill (id, name) VALUES (228,'MYSQ l');
INSERT INTO public.skill (id, name) VALUES (229,'SQ l');
INSERT INTO public.skill (id, name) VALUES (230,'NOSQ l');
INSERT INTO public.skill (id, name) VALUES (231,'JAVA');
INSERT INTO public.skill (id, name) VALUES (232,'CSs');
INSERT INTO public.skill (id, name) VALUES (233,'GRAPHQ l');
INSERT INTO public.skill (id, name) VALUES (234,'GITHUB ACTIONs');
INSERT INTO public.skill (id, name) VALUES (235,'HTM l');
INSERT INTO public.skill (id, name) VALUES (236,'TYPESCRIPT');
INSERT INTO public.skill (id, name) VALUES (237,'GO');
INSERT INTO public.skill (id, name) VALUES (238,'NEXT.Js');
INSERT INTO public.skill (id, name) VALUES (239,'REACT');
INSERT INTO public.skill (id, name) VALUES (240,'SASs');
INSERT INTO public.skill (id, name) VALUES (241,'MONGODB');
INSERT INTO public.skill (id, name) VALUES (242,'DOCKER');
INSERT INTO public.skill (id, name) VALUES (243,'UX');
INSERT INTO public.skill (id, name) VALUES (244,'GITLAB CI');
INSERT INTO public.skill (id, name) VALUES (245,'API');
INSERT INTO public.skill (id, name) VALUES (246,'UI');
INSERT INTO public.skill (id, name) VALUES (247,'EXPRESs');
INSERT INTO public.skill (id, name) VALUES (248,'AWs');
INSERT INTO public.skill (id, name) VALUES (249,'GIT');
INSERT INTO public.skill (id, name) VALUES (250,'PHP');
INSERT INTO public.skill (id, name) VALUES (251,'UX');
INSERT INTO public.skill (id, name) VALUES (252,'API');
INSERT INTO public.skill (id, name) VALUES (253,'UI');
INSERT INTO public.skill (id, name) VALUES (254,'ANDROId');
INSERT INTO public.skill (id, name) VALUES (255,'IOs');
INSERT INTO public.skill (id, name) VALUES (256,'GIT');
INSERT INTO public.skill (id, name) VALUES (257,'FLUTTER');
INSERT INTO public.skill (id, name) VALUES (258,'SCRUM');
INSERT INTO public.skill (id, name) VALUES (259,'MICROSERVICEs');
INSERT INTO public.skill (id, name) VALUES (260,'JAVA');
INSERT INTO public.skill (id, name) VALUES (261,'REDIs');
INSERT INTO public.skill (id, name) VALUES (262,'CI/Cd');
INSERT INTO public.skill (id, name) VALUES (263,'UX');
INSERT INTO public.skill (id, name) VALUES (264,'SQ l');
INSERT INTO public.skill (id, name) VALUES (265,'DOCKER');
INSERT INTO public.skill (id, name) VALUES (266,'UI');
INSERT INTO public.skill (id, name) VALUES (267,'NOSQ l');
INSERT INTO public.skill (id, name) VALUES (268,'GIT');
INSERT INTO public.skill (id, name) VALUES (269,'API');
INSERT INTO public.skill (id, name) VALUES (270,'SOLId');
INSERT INTO public.skill (id, name) VALUES (271,'EVENT-DRIVEN');
INSERT INTO public.skill (id, name) VALUES (272,'AGILE');
INSERT INTO public.skill (id, name) VALUES (273,'GIT');
INSERT INTO public.skill (id, name) VALUES (274,'SQ l');
INSERT INTO public.skill (id, name) VALUES (275,'SWIFT');
INSERT INTO public.skill (id, name) VALUES (276,'IOs');
INSERT INTO public.skill (id, name) VALUES (277,'REACT');
INSERT INTO public.skill (id, name) VALUES (278,'C#');
INSERT INTO public.skill (id, name) VALUES (279,'SéCURITe');
INSERT INTO public.skill (id, name) VALUES (280,'AGILE');
INSERT INTO public.skill (id, name) VALUES (281,'.NET');
INSERT INTO public.skill (id, name) VALUES (282,'ANGULAR');
INSERT INTO public.skill (id, name) VALUES (283,'FLUTTER');
INSERT INTO public.skill (id, name) VALUES (284,'PYTHON');
INSERT INTO public.skill (id, name) VALUES (285,'TESTS UNITAIREs');
INSERT INTO public.skill (id, name) VALUES (286,'NOSQ l');
INSERT INTO public.skill (id, name) VALUES (287,'UI');
INSERT INTO public.skill (id, name) VALUES (288,'KOTLIN');
INSERT INTO public.skill (id, name) VALUES (289,'JAVA');
INSERT INTO public.skill (id, name) VALUES (290,'CI/Cd');
INSERT INTO public.skill (id, name) VALUES (291,'JAVASCRIPT');
INSERT INTO public.skill (id, name) VALUES (292,'JAVA');
INSERT INTO public.skill (id, name) VALUES (293,'SQ l');
INSERT INTO public.skill (id, name) VALUES (294,'GO');
INSERT INTO public.skill (id, name) VALUES (295,'CI/Cd');
INSERT INTO public.skill (id, name) VALUES (296,'JENKINs');
INSERT INTO public.skill (id, name) VALUES (297,'UI');
INSERT INTO public.skill (id, name) VALUES (298,'NOSQ l');
INSERT INTO public.skill (id, name) VALUES (299,'GIT');
INSERT INTO public.skill (id, name) VALUES (300,'EXPRESs');
INSERT INTO public.skill (id, name) VALUES (301,'API');
INSERT INTO public.skill (id, name) VALUES (302,'REACT');
INSERT INTO public.skill (id, name) VALUES (303,'UX');
INSERT INTO public.skill (id, name) VALUES (304,'SOLId');
INSERT INTO public.skill (id, name) VALUES (305,'DOCKER');
INSERT INTO public.skill (id, name) VALUES (306,'CLOUd');
INSERT INTO public.skill (id, name) VALUES (307,'UI');
INSERT INTO public.skill (id, name) VALUES (308,'API');
INSERT INTO public.skill (id, name) VALUES (309,'SËCURITË');
INSERT INTO public.skill (id, name) VALUES (310,'REVUES DE CODE');
INSERT INTO public.skill (id, name) VALUES (311,'IOs');
INSERT INTO public.skill (id, name) VALUES (312,'UX');
INSERT INTO public.skill (id, name) VALUES (313,'GIT');
INSERT INTO public.skill (id, name) VALUES (314,'GO');
INSERT INTO public.skill (id, name) VALUES (315,'ANDROId');
INSERT INTO public.skill (id, name) VALUES (316,'AGILE');
INSERT INTO public.skill (id, name) VALUES (317,'FLUTTER');
INSERT INTO public.skill (id, name) VALUES (318,'UX');
INSERT INTO public.skill (id, name) VALUES (319,'HTML');
INSERT INTO public.skill (id, name) VALUES (320,'CSS');
INSERT INTO public.skill (id, name) VALUES (321,'REACT');
INSERT INTO public.skill (id, name) VALUES (322,'UI');
INSERT INTO public.skill (id, name) VALUES (323,'ANGULAR');
INSERT INTO public.skill (id, name) VALUES (324,'JAVA');
INSERT INTO public.skill (id, name) VALUES (325,'JAVASCRIPT');
INSERT INTO public.skill (id, name) VALUES (326,'GIT');
INSERT INTO public.skill (id, name) VALUES (327,'UI');
INSERT INTO public.skill (id, name) VALUES (328,'CI/CD');
INSERT INTO public.skill (id, name) VALUES (329,'TESTS UNITAIRES');
INSERT INTO public.skill (id, name) VALUES (330,'API');
INSERT INTO public.skill (id, name) VALUES (331,'IOs');
INSERT INTO public.skill (id, name) VALUES (332,'PYTHON');
INSERT INTO public.skill (id, name) VALUES (333,'SPRING BOOT');
INSERT INTO public.skill (id, name) VALUES (334,'SQL');
INSERT INTO public.skill (id, name) VALUES (335,'NOSQL');
INSERT INTO public.skill (id, name) VALUES (336,'SOLID');
INSERT INTO public.skill (id, name) VALUES (337,'RESTFUL');
INSERT INTO public.skill (id, name) VALUES (338,'JAVA');
INSERT INTO public.skill (id, name) VALUES (339,'CSs');
INSERT INTO public.skill (id, name) VALUES (340,'GO');
INSERT INTO public.skill (id, name) VALUES (341,'MICROSERVICEs');
INSERT INTO public.skill (id, name) VALUES (342,'SQ l');
INSERT INTO public.skill (id, name) VALUES (343,'MYSQ l');
INSERT INTO public.skill (id, name) VALUES (344,'AGILE');
INSERT INTO public.skill (id, name) VALUES (345,'GIT');
INSERT INTO public.skill (id, name) VALUES (346,'TYPESCRIPT');
INSERT INTO public.skill (id, name) VALUES (347,'ANGULAR');
INSERT INTO public.skill (id, name) VALUES (348,'CLOUd');
INSERT INTO public.skill (id, name) VALUES (349,'CI/Cd');
INSERT INTO public.skill (id, name) VALUES (350,'HTM l');
INSERT INTO public.skill (id, name) VALUES (351,'SCRUM');
INSERT INTO public.skill (id, name) VALUES (352,'UI');
INSERT INTO public.skill (id, name) VALUES (353,'JAVA');
INSERT INTO public.skill (id, name) VALUES (354,'POSTGRESQ l');
INSERT INTO public.skill (id, name) VALUES (355,'API');
INSERT INTO public.skill (id, name) VALUES (356,'DOCKER');
INSERT INTO public.skill (id, name) VALUES (357,'MONGODB');
INSERT INTO public.skill (id, name) VALUES (358,'SPRING BOOT');
INSERT INTO public.skill (id, name) VALUES (359,'AGILE');
INSERT INTO public.skill (id, name) VALUES (360,'OWASP');
INSERT INTO public.skill (id, name) VALUES (361,'CHIFFREMENT');
INSERT INTO public.skill (id, name) VALUES (362,'SPRING BOOT');
INSERT INTO public.skill (id, name) VALUES (363,'JAVA');
INSERT INTO public.skill (id, name) VALUES (364,'SËCURITË');
INSERT INTO public.skill (id, name) VALUES (365,'RESTFU l');
INSERT INTO public.skill (id, name) VALUES (366,'API');
INSERT INTO public.skill (id, name) VALUES (367,'JAVASCRIPT');
INSERT INTO public.skill (id, name) VALUES (368,'UX');
INSERT INTO public.skill (id, name) VALUES (369,'GIT');
INSERT INTO public.skill (id, name) VALUES (370,'UI');
INSERT INTO public.skill (id, name) VALUES (371,'GITLAB CI');
INSERT INTO public.skill (id, name) VALUES (372,'JENKINs');
INSERT INTO public.skill (id, name) VALUES (373,'TESTS UNITAIREs');
INSERT INTO public.skill (id, name) VALUES (374,'MICROSERVICEs');
INSERT INTO public.skill (id, name) VALUES (375,'REACT');
INSERT INTO public.skill (id, name) VALUES (376,'SCRUM');
INSERT INTO public.skill (id, name) VALUES (377,'REVUES DE CODE');
INSERT INTO public.skill (id, name) VALUES (378,'EXPRESs');
INSERT INTO public.skill (id, name) VALUES (379,'SOLId');
INSERT INTO public.skill (id, name) VALUES (380,'CSs');
INSERT INTO public.skill (id, name) VALUES (381,'HTM l');
INSERT INTO public.skill (id, name) VALUES (382,'SASs');
INSERT INTO public.skill (id, name) VALUES (383,'UI');
INSERT INTO public.skill (id, name) VALUES (384,'UX');
INSERT INTO public.skill (id, name) VALUES (385,'API');
INSERT INTO public.skill (id, name) VALUES (386,'TYPESCRIPT');
INSERT INTO public.skill (id, name) VALUES (387,'NODE.Js');
INSERT INTO public.skill (id, name) VALUES (388,'AZURE');
INSERT INTO public.skill (id, name) VALUES (389,'ANGULAR');
INSERT INTO public.skill (id, name) VALUES (390,'SOLId');
INSERT INTO public.skill (id, name) VALUES (391,'UX');
INSERT INTO public.skill (id, name) VALUES (392,'SQ l');
INSERT INTO public.skill (id, name) VALUES (393,'FLUTTER');
INSERT INTO public.skill (id, name) VALUES (394,'AWs');
INSERT INTO public.skill (id, name) VALUES (395,'TYPESCRIPT');
INSERT INTO public.skill (id, name) VALUES (396,'EXPRESs');
INSERT INTO public.skill (id, name) VALUES (397,'GIT');
INSERT INTO public.skill (id, name) VALUES (398,'POSTGRESQ l');
INSERT INTO public.skill (id, name) VALUES (399,'MENTORING');
INSERT INTO public.skill (id, name) VALUES (400,'CI/Cd');
INSERT INTO public.skill (id, name) VALUES (401,'UI');
INSERT INTO public.skill (id, name) VALUES (402,'API');
INSERT INTO public.skill (id, name) VALUES (412,'CI/Cd');
INSERT INTO public.skill (id, name) VALUES (413,'GIT');
INSERT INTO public.skill (id, name) VALUES (414,'TYPESCRIPT');
INSERT INTO public.skill (id, name) VALUES (415,'AWs');
INSERT INTO public.skill (id, name) VALUES (416,'MENTORING');
INSERT INTO public.skill (id, name) VALUES (417,'SQ l');
INSERT INTO public.skill (id, name) VALUES (418,'FLUTTER');
INSERT INTO public.skill (id, name) VALUES (419,'API');
INSERT INTO public.skill (id, name) VALUES (420,'UI');
INSERT INTO public.skill (id, name) VALUES (421,'SOLId');
INSERT INTO public.skill (id, name) VALUES (422,'UX');
INSERT INTO public.skill (id, name) VALUES (423,'EXPRESs');
INSERT INTO public.skill (id, name) VALUES (424,'POSTGRESQ l');
INSERT INTO public.skill (id, name) VALUES (425,'NOSQ l');
INSERT INTO public.skill (id, name) VALUES (426,'NEST');
INSERT INTO public.skill (id, name) VALUES (427,'REACT');
INSERT INTO public.skill (id, name) VALUES (428,'UX');
INSERT INTO public.skill (id, name) VALUES (429,'PYTHON');
INSERT INTO public.skill (id, name) VALUES (430,'AGILE');
INSERT INTO public.skill (id, name) VALUES (431,'CLOUd');
INSERT INTO public.skill (id, name) VALUES (432,'GO');
INSERT INTO public.skill (id, name) VALUES (433,'UI');
INSERT INTO public.skill (id, name) VALUES (434,'EXPRESs');
INSERT INTO public.skill (id, name) VALUES (435,'AWs');
INSERT INTO public.skill (id, name) VALUES (436,'DOCKER');
INSERT INTO public.skill (id, name) VALUES (437,'POSTGRESQ l');
INSERT INTO public.skill (id, name) VALUES (438,'NODE.Js');
INSERT INTO public.skill (id, name) VALUES (439,'MONGODB');
INSERT INTO public.skill (id, name) VALUES (440,'GIT');
INSERT INTO public.skill (id, name) VALUES (441,'GRAPHQ l');
INSERT INTO public.skill (id, name) VALUES (442,'SOLId');
INSERT INTO public.skill (id, name) VALUES (443,'MICROSERVICEs');
INSERT INTO public.skill (id, name) VALUES (444,'GCP');
INSERT INTO public.skill (id, name) VALUES (445,'CI/Cd');
INSERT INTO public.skill (id, name) VALUES (446,'SQ l');
INSERT INTO public.skill (id, name) VALUES (447,'API');
INSERT INTO public.skill (id, name) VALUES (448,'GIT');
INSERT INTO public.skill (id, name) VALUES (449,'HTM l');
INSERT INTO public.skill (id, name) VALUES (450,'SCRUM');
INSERT INTO public.skill (id, name) VALUES (451,'CSs');
INSERT INTO public.skill (id, name) VALUES (452,'TYPESCRIPT');
INSERT INTO public.skill (id, name) VALUES (453,'DOCKER');
INSERT INTO public.skill (id, name) VALUES (454,'MICROSERVICEs');
INSERT INTO public.skill (id, name) VALUES (455,'JAVA');
INSERT INTO public.skill (id, name) VALUES (456,'MYSQ l');
INSERT INTO public.skill (id, name) VALUES (457,'KUBERNETEs');
INSERT INTO public.skill (id, name) VALUES (458,'SQ l');
INSERT INTO public.skill (id, name) VALUES (459,'POSTGRESQ l');
INSERT INTO public.skill (id, name) VALUES (460,'CLOUd');
INSERT INTO public.skill (id, name) VALUES (461,'REVUES DE CODE');
INSERT INTO public.skill (id, name) VALUES (462,'UI');
INSERT INTO public.skill (id, name) VALUES (463,'CI/Cd');
INSERT INTO public.skill (id, name) VALUES (464,'API');
INSERT INTO public.skill (id, name) VALUES (465,'TESTS UNITAIREs');
INSERT INTO public.skill (id, name) VALUES (466,'UX');
INSERT INTO public.skill (id, name) VALUES (467,'ORACLE');
INSERT INTO public.skill (id, name) VALUES (468,'SPRING BOOT');
INSERT INTO public.skill (id, name) VALUES (469,'JENKINs');
INSERT INTO public.skill (id, name) VALUES (470,'SËCURITË');
INSERT INTO public.skill (id, name) VALUES (471,'ANGULAR');
INSERT INTO public.skill (id, name) VALUES (472,'AGILE');
INSERT INTO public.skill (id, name) VALUES (473,'UI');
INSERT INTO public.skill (id, name) VALUES (494,'FLUTTER');
INSERT INTO public.skill (id, name) VALUES (495,'POSTGRESQ l');
INSERT INTO public.skill (id, name) VALUES (496,'UI');
INSERT INTO public.skill (id, name) VALUES (497,'GO');
INSERT INTO public.skill (id, name) VALUES (498,'SQ l');
INSERT INTO public.skill (id, name) VALUES (499,'LARAVE l');
INSERT INTO public.skill (id, name) VALUES (500,'GRAPHQ l');
INSERT INTO public.skill (id, name) VALUES (501,'AGILE');
INSERT INTO public.skill (id, name) VALUES (502,'GIT');
INSERT INTO public.skill (id, name) VALUES (503,'TYPESCRIPT');
INSERT INTO public.skill (id, name) VALUES (504,'UX');
INSERT INTO public.skill (id, name) VALUES (505,'SOLId');
INSERT INTO public.skill (id, name) VALUES (506,'CI/Cd');
INSERT INTO public.skill (id, name) VALUES (507,'PHP');
INSERT INTO public.skill (id, name) VALUES (508,'REACT NATIVE');
INSERT INTO public.skill (id, name) VALUES (509,'MYSQ l');
INSERT INTO public.skill (id, name) VALUES (510,'API');
INSERT INTO public.skill (id, name) VALUES (511,'DOCKER');
INSERT INTO public.skill (id, name) VALUES (512,'SËCURITË');
INSERT INTO public.skill (id, name) VALUES (513,'REACT');
INSERT INTO public.skill (id, name) VALUES (514,'UI');
INSERT INTO public.skill (id, name) VALUES (515,'SCRUM');
INSERT INTO public.skill (id, name) VALUES (516,'REACT');
INSERT INTO public.skill (id, name) VALUES (517,'AGILE');
INSERT INTO public.skill (id, name) VALUES (518,'JENKINs');
INSERT INTO public.skill (id, name) VALUES (519,'AWs');
INSERT INTO public.skill (id, name) VALUES (520,'SPRING BOOT');
INSERT INTO public.skill (id, name) VALUES (521,'UX');
INSERT INTO public.skill (id, name) VALUES (522,'DOCKER');
INSERT INTO public.skill (id, name) VALUES (523,'KUBERNETEs');
INSERT INTO public.skill (id, name) VALUES (524,'JAVA');
INSERT INTO public.skill (id, name) VALUES (525,'ANGLAIS TECHNIQUE');
INSERT INTO public.skill (id, name) VALUES (526,'GIT');
INSERT INTO public.skill (id, name) VALUES (527,'ANGULAR');
INSERT INTO public.skill (id, name) VALUES (528,'REDIs');
INSERT INTO public.skill (id, name) VALUES (529,'TESTS UNITAIREs');
INSERT INTO public.skill (id, name) VALUES (530,'SOLId');


--
-- Data for Name: job_skill; Type: TABLE DATA; Schema: public; Owner: postgres
--

INSERT INTO public.job_skill (job_id, skill_id) VALUES (7, 155);
INSERT INTO public.job_skill (job_id, skill_id) VALUES (7, 156);
INSERT INTO public.job_skill (job_id, skill_id) VALUES (7, 157);
INSERT INTO public.job_skill (job_id, skill_id) VALUES (7, 158);
INSERT INTO public.job_skill (job_id, skill_id) VALUES (7, 159);
INSERT INTO public.job_skill (job_id, skill_id) VALUES (7, 160);
INSERT INTO public.job_skill (job_id, skill_id) VALUES (7, 161);
INSERT INTO public.job_skill (job_id, skill_id) VALUES (7, 162);
INSERT INTO public.job_skill (job_id, skill_id) VALUES (7, 163);
INSERT INTO public.job_skill (job_id, skill_id) VALUES (8, 164);
INSERT INTO public.job_skill (job_id, skill_id) VALUES (8, 165);
INSERT INTO public.job_skill (job_id, skill_id) VALUES (8, 166);
INSERT INTO public.job_skill (job_id, skill_id) VALUES (8, 167);
INSERT INTO public.job_skill (job_id, skill_id) VALUES (8, 168);
INSERT INTO public.job_skill (job_id, skill_id) VALUES (8, 169);
INSERT INTO public.job_skill (job_id, skill_id) VALUES (8, 170);
INSERT INTO public.job_skill (job_id, skill_id) VALUES (8, 171);
INSERT INTO public.job_skill (job_id, skill_id) VALUES (8, 172);
INSERT INTO public.job_skill (job_id, skill_id) VALUES (8, 173);
INSERT INTO public.job_skill (job_id, skill_id) VALUES (8, 174);
INSERT INTO public.job_skill (job_id, skill_id) VALUES (8, 175);
INSERT INTO public.job_skill (job_id, skill_id) VALUES (8, 176);
INSERT INTO public.job_skill (job_id, skill_id) VALUES (8, 177);
INSERT INTO public.job_skill (job_id, skill_id) VALUES (8, 178);
INSERT INTO public.job_skill (job_id, skill_id) VALUES (8, 179);
INSERT INTO public.job_skill (job_id, skill_id) VALUES (8, 180);
INSERT INTO public.job_skill (job_id, skill_id) VALUES (8, 181);
INSERT INTO public.job_skill (job_id, skill_id) VALUES (10, 196);
INSERT INTO public.job_skill (job_id, skill_id) VALUES (10, 197);
INSERT INTO public.job_skill (job_id, skill_id) VALUES (10, 198);
INSERT INTO public.job_skill (job_id, skill_id) VALUES (10, 199);
INSERT INTO public.job_skill (job_id, skill_id) VALUES (10, 200);
INSERT INTO public.job_skill (job_id, skill_id) VALUES (10, 201);
INSERT INTO public.job_skill (job_id, skill_id) VALUES (10, 202);
INSERT INTO public.job_skill (job_id, skill_id) VALUES (10, 203);
INSERT INTO public.job_skill (job_id, skill_id) VALUES (10, 204);
INSERT INTO public.job_skill (job_id, skill_id) VALUES (10, 205);
INSERT INTO public.job_skill (job_id, skill_id) VALUES (10, 206);
INSERT INTO public.job_skill (job_id, skill_id) VALUES (10, 207);
INSERT INTO public.job_skill (job_id, skill_id) VALUES (11, 208);
INSERT INTO public.job_skill (job_id, skill_id) VALUES (11, 209);
INSERT INTO public.job_skill (job_id, skill_id) VALUES (11, 210);
INSERT INTO public.job_skill (job_id, skill_id) VALUES (11, 211);
INSERT INTO public.job_skill (job_id, skill_id) VALUES (11, 212);
INSERT INTO public.job_skill (job_id, skill_id) VALUES (11, 213);
INSERT INTO public.job_skill (job_id, skill_id) VALUES (11, 214);
INSERT INTO public.job_skill (job_id, skill_id) VALUES (11, 215);
INSERT INTO public.job_skill (job_id, skill_id) VALUES (11, 216);
INSERT INTO public.job_skill (job_id, skill_id) VALUES (11, 217);
INSERT INTO public.job_skill (job_id, skill_id) VALUES (11, 218);
INSERT INTO public.job_skill (job_id, skill_id) VALUES (11, 219);
INSERT INTO public.job_skill (job_id, skill_id) VALUES (11, 220);
INSERT INTO public.job_skill (job_id, skill_id) VALUES (11, 221);
INSERT INTO public.job_skill (job_id, skill_id) VALUES (11, 222);
INSERT INTO public.job_skill (job_id, skill_id) VALUES (11, 223);
INSERT INTO public.job_skill (job_id, skill_id) VALUES (12, 224);
INSERT INTO public.job_skill (job_id, skill_id) VALUES (12, 225);
INSERT INTO public.job_skill (job_id, skill_id) VALUES (12, 226);
INSERT INTO public.job_skill (job_id, skill_id) VALUES (12, 227);
INSERT INTO public.job_skill (job_id, skill_id) VALUES (12, 228);
INSERT INTO public.job_skill (job_id, skill_id) VALUES (12, 229);
INSERT INTO public.job_skill (job_id, skill_id) VALUES (12, 230);
INSERT INTO public.job_skill (job_id, skill_id) VALUES (12, 231);
INSERT INTO public.job_skill (job_id, skill_id) VALUES (12, 232);
INSERT INTO public.job_skill (job_id, skill_id) VALUES (12, 233);
INSERT INTO public.job_skill (job_id, skill_id) VALUES (12, 234);
INSERT INTO public.job_skill (job_id, skill_id) VALUES (12, 235);
INSERT INTO public.job_skill (job_id, skill_id) VALUES (12, 236);
INSERT INTO public.job_skill (job_id, skill_id) VALUES (12, 237);
INSERT INTO public.job_skill (job_id, skill_id) VALUES (6, 103);
INSERT INTO public.job_skill (job_id, skill_id) VALUES (6, 119);
INSERT INTO public.job_skill (job_id, skill_id) VALUES (6, 99);
INSERT INTO public.job_skill (job_id, skill_id) VALUES (6, 113);
INSERT INTO public.job_skill (job_id, skill_id) VALUES (6, 117);
INSERT INTO public.job_skill (job_id, skill_id) VALUES (6, 107);
INSERT INTO public.job_skill (job_id, skill_id) VALUES (6, 143);
INSERT INTO public.job_skill (job_id, skill_id) VALUES (6, 128);
INSERT INTO public.job_skill (job_id, skill_id) VALUES (6, 96);
INSERT INTO public.job_skill (job_id, skill_id) VALUES (6, 130);
INSERT INTO public.job_skill (job_id, skill_id) VALUES (6, 97);
INSERT INTO public.job_skill (job_id, skill_id) VALUES (6, 137);
INSERT INTO public.job_skill (job_id, skill_id) VALUES (6, 142);
INSERT INTO public.job_skill (job_id, skill_id) VALUES (6, 139);
INSERT INTO public.job_skill (job_id, skill_id) VALUES (6, 101);
INSERT INTO public.job_skill (job_id, skill_id) VALUES (6, 93);
INSERT INTO public.job_skill (job_id, skill_id) VALUES (6, 104);
INSERT INTO public.job_skill (job_id, skill_id) VALUES (6, 109);
INSERT INTO public.job_skill (job_id, skill_id) VALUES (6, 112);
INSERT INTO public.job_skill (job_id, skill_id) VALUES (6, 127);
INSERT INTO public.job_skill (job_id, skill_id) VALUES (6, 149);
INSERT INTO public.job_skill (job_id, skill_id) VALUES (6, 125);
INSERT INTO public.job_skill (job_id, skill_id) VALUES (6, 134);
INSERT INTO public.job_skill (job_id, skill_id) VALUES (6, 94);
INSERT INTO public.job_skill (job_id, skill_id) VALUES (6, 138);
INSERT INTO public.job_skill (job_id, skill_id) VALUES (6, 115);
INSERT INTO public.job_skill (job_id, skill_id) VALUES (6, 105);
INSERT INTO public.job_skill (job_id, skill_id) VALUES (6, 110);
INSERT INTO public.job_skill (job_id, skill_id) VALUES (6, 131);
INSERT INTO public.job_skill (job_id, skill_id) VALUES (6, 95);
INSERT INTO public.job_skill (job_id, skill_id) VALUES (6, 150);
INSERT INTO public.job_skill (job_id, skill_id) VALUES (6, 108);
INSERT INTO public.job_skill (job_id, skill_id) VALUES (6, 106);
INSERT INTO public.job_skill (job_id, skill_id) VALUES (6, 141);
INSERT INTO public.job_skill (job_id, skill_id) VALUES (6, 118);
INSERT INTO public.job_skill (job_id, skill_id) VALUES (6, 135);
INSERT INTO public.job_skill (job_id, skill_id) VALUES (6, 92);
INSERT INTO public.job_skill (job_id, skill_id) VALUES (6, 126);
INSERT INTO public.job_skill (job_id, skill_id) VALUES (6, 144);
INSERT INTO public.job_skill (job_id, skill_id) VALUES (6, 140);
INSERT INTO public.job_skill (job_id, skill_id) VALUES (6, 146);
INSERT INTO public.job_skill (job_id, skill_id) VALUES (6, 124);
INSERT INTO public.job_skill (job_id, skill_id) VALUES (6, 114);
INSERT INTO public.job_skill (job_id, skill_id) VALUES (6, 122);
INSERT INTO public.job_skill (job_id, skill_id) VALUES (6, 111);
INSERT INTO public.job_skill (job_id, skill_id) VALUES (6, 145);
INSERT INTO public.job_skill (job_id, skill_id) VALUES (6, 100);
INSERT INTO public.job_skill (job_id, skill_id) VALUES (6, 121);
INSERT INTO public.job_skill (job_id, skill_id) VALUES (6, 98);
INSERT INTO public.job_skill (job_id, skill_id) VALUES (6, 120);
INSERT INTO public.job_skill (job_id, skill_id) VALUES (6, 102);
INSERT INTO public.job_skill (job_id, skill_id) VALUES (6, 116);
INSERT INTO public.job_skill (job_id, skill_id) VALUES (6, 148);
INSERT INTO public.job_skill (job_id, skill_id) VALUES (6, 129);
INSERT INTO public.job_skill (job_id, skill_id) VALUES (6, 123);
INSERT INTO public.job_skill (job_id, skill_id) VALUES (6, 147);
INSERT INTO public.job_skill (job_id, skill_id) VALUES (6, 133);
INSERT INTO public.job_skill (job_id, skill_id) VALUES (6, 136);
INSERT INTO public.job_skill (job_id, skill_id) VALUES (6, 132);
INSERT INTO public.job_skill (job_id, skill_id) VALUES (12, 238);
INSERT INTO public.job_skill (job_id, skill_id) VALUES (12, 239);
INSERT INTO public.job_skill (job_id, skill_id) VALUES (12, 240);
INSERT INTO public.job_skill (job_id, skill_id) VALUES (12, 241);
INSERT INTO public.job_skill (job_id, skill_id) VALUES (12, 242);
INSERT INTO public.job_skill (job_id, skill_id) VALUES (12, 243);
INSERT INTO public.job_skill (job_id, skill_id) VALUES (12, 244);
INSERT INTO public.job_skill (job_id, skill_id) VALUES (12, 245);
INSERT INTO public.job_skill (job_id, skill_id) VALUES (12, 246);
INSERT INTO public.job_skill (job_id, skill_id) VALUES (12, 247);
INSERT INTO public.job_skill (job_id, skill_id) VALUES (12, 248);
INSERT INTO public.job_skill (job_id, skill_id) VALUES (12, 249);
INSERT INTO public.job_skill (job_id, skill_id) VALUES (12, 250);
INSERT INTO public.job_skill (job_id, skill_id) VALUES (13, 251);
INSERT INTO public.job_skill (job_id, skill_id) VALUES (13, 252);
INSERT INTO public.job_skill (job_id, skill_id) VALUES (13, 253);
INSERT INTO public.job_skill (job_id, skill_id) VALUES (13, 254);
INSERT INTO public.job_skill (job_id, skill_id) VALUES (13, 255);
INSERT INTO public.job_skill (job_id, skill_id) VALUES (13, 256);
INSERT INTO public.job_skill (job_id, skill_id) VALUES (13, 257);
INSERT INTO public.job_skill (job_id, skill_id) VALUES (14, 258);
INSERT INTO public.job_skill (job_id, skill_id) VALUES (14, 259);
INSERT INTO public.job_skill (job_id, skill_id) VALUES (14, 260);
INSERT INTO public.job_skill (job_id, skill_id) VALUES (14, 261);
INSERT INTO public.job_skill (job_id, skill_id) VALUES (14, 262);
INSERT INTO public.job_skill (job_id, skill_id) VALUES (14, 263);
INSERT INTO public.job_skill (job_id, skill_id) VALUES (14, 264);
INSERT INTO public.job_skill (job_id, skill_id) VALUES (14, 265);
INSERT INTO public.job_skill (job_id, skill_id) VALUES (14, 266);
INSERT INTO public.job_skill (job_id, skill_id) VALUES (14, 267);
INSERT INTO public.job_skill (job_id, skill_id) VALUES (14, 268);
INSERT INTO public.job_skill (job_id, skill_id) VALUES (14, 269);
INSERT INTO public.job_skill (job_id, skill_id) VALUES (14, 270);
INSERT INTO public.job_skill (job_id, skill_id) VALUES (14, 271);
INSERT INTO public.job_skill (job_id, skill_id) VALUES (14, 272);
INSERT INTO public.job_skill (job_id, skill_id) VALUES (15, 273);
INSERT INTO public.job_skill (job_id, skill_id) VALUES (15, 274);
INSERT INTO public.job_skill (job_id, skill_id) VALUES (15, 275);
INSERT INTO public.job_skill (job_id, skill_id) VALUES (15, 276);
INSERT INTO public.job_skill (job_id, skill_id) VALUES (15, 277);
INSERT INTO public.job_skill (job_id, skill_id) VALUES (15, 278);
INSERT INTO public.job_skill (job_id, skill_id) VALUES (15, 279);
INSERT INTO public.job_skill (job_id, skill_id) VALUES (15, 280);
INSERT INTO public.job_skill (job_id, skill_id) VALUES (15, 281);
INSERT INTO public.job_skill (job_id, skill_id) VALUES (15, 282);
INSERT INTO public.job_skill (job_id, skill_id) VALUES (15, 283);
INSERT INTO public.job_skill (job_id, skill_id) VALUES (15, 284);
INSERT INTO public.job_skill (job_id, skill_id) VALUES (15, 285);
INSERT INTO public.job_skill (job_id, skill_id) VALUES (15, 286);
INSERT INTO public.job_skill (job_id, skill_id) VALUES (15, 287);
INSERT INTO public.job_skill (job_id, skill_id) VALUES (15, 288);
INSERT INTO public.job_skill (job_id, skill_id) VALUES (15, 289);
INSERT INTO public.job_skill (job_id, skill_id) VALUES (15, 290);
INSERT INTO public.job_skill (job_id, skill_id) VALUES (15, 291);
INSERT INTO public.job_skill (job_id, skill_id) VALUES (16, 292);
INSERT INTO public.job_skill (job_id, skill_id) VALUES (16, 293);
INSERT INTO public.job_skill (job_id, skill_id) VALUES (16, 294);
INSERT INTO public.job_skill (job_id, skill_id) VALUES (16, 295);
INSERT INTO public.job_skill (job_id, skill_id) VALUES (16, 296);
INSERT INTO public.job_skill (job_id, skill_id) VALUES (16, 297);
INSERT INTO public.job_skill (job_id, skill_id) VALUES (16, 298);
INSERT INTO public.job_skill (job_id, skill_id) VALUES (16, 299);
INSERT INTO public.job_skill (job_id, skill_id) VALUES (16, 300);
INSERT INTO public.job_skill (job_id, skill_id) VALUES (16, 301);
INSERT INTO public.job_skill (job_id, skill_id) VALUES (16, 302);
INSERT INTO public.job_skill (job_id, skill_id) VALUES (16, 303);
INSERT INTO public.job_skill (job_id, skill_id) VALUES (16, 304);
INSERT INTO public.job_skill (job_id, skill_id) VALUES (16, 305);
INSERT INTO public.job_skill (job_id, skill_id) VALUES (17, 306);
INSERT INTO public.job_skill (job_id, skill_id) VALUES (17, 307);
INSERT INTO public.job_skill (job_id, skill_id) VALUES (17, 308);
INSERT INTO public.job_skill (job_id, skill_id) VALUES (17, 309);
INSERT INTO public.job_skill (job_id, skill_id) VALUES (17, 310);
INSERT INTO public.job_skill (job_id, skill_id) VALUES (17, 311);
INSERT INTO public.job_skill (job_id, skill_id) VALUES (17, 312);
INSERT INTO public.job_skill (job_id, skill_id) VALUES (17, 313);
INSERT INTO public.job_skill (job_id, skill_id) VALUES (17, 314);
INSERT INTO public.job_skill (job_id, skill_id) VALUES (17, 315);
INSERT INTO public.job_skill (job_id, skill_id) VALUES (17, 316);
INSERT INTO public.job_skill (job_id, skill_id) VALUES (17, 317);
INSERT INTO public.job_skill (job_id, skill_id) VALUES (18, 318);
INSERT INTO public.job_skill (job_id, skill_id) VALUES (18, 319);
INSERT INTO public.job_skill (job_id, skill_id) VALUES (18, 320);
INSERT INTO public.job_skill (job_id, skill_id) VALUES (18, 321);
INSERT INTO public.job_skill (job_id, skill_id) VALUES (18, 322);
INSERT INTO public.job_skill (job_id, skill_id) VALUES (18, 323);
INSERT INTO public.job_skill (job_id, skill_id) VALUES (18, 324);
INSERT INTO public.job_skill (job_id, skill_id) VALUES (18, 325);
INSERT INTO public.job_skill (job_id, skill_id) VALUES (18, 326);
INSERT INTO public.job_skill (job_id, skill_id) VALUES (19, 327);
INSERT INTO public.job_skill (job_id, skill_id) VALUES (19, 328);
INSERT INTO public.job_skill (job_id, skill_id) VALUES (19, 329);
INSERT INTO public.job_skill (job_id, skill_id) VALUES (19, 330);
INSERT INTO public.job_skill (job_id, skill_id) VALUES (19, 331);
INSERT INTO public.job_skill (job_id, skill_id) VALUES (19, 332);
INSERT INTO public.job_skill (job_id, skill_id) VALUES (19, 333);
INSERT INTO public.job_skill (job_id, skill_id) VALUES (19, 334);
INSERT INTO public.job_skill (job_id, skill_id) VALUES (19, 335);
INSERT INTO public.job_skill (job_id, skill_id) VALUES (19, 336);
INSERT INTO public.job_skill (job_id, skill_id) VALUES (19, 337);
INSERT INTO public.job_skill (job_id, skill_id) VALUES (19, 338);
INSERT INTO public.job_skill (job_id, skill_id) VALUES (20, 339);
INSERT INTO public.job_skill (job_id, skill_id) VALUES (20, 340);
INSERT INTO public.job_skill (job_id, skill_id) VALUES (20, 341);
INSERT INTO public.job_skill (job_id, skill_id) VALUES (20, 342);
INSERT INTO public.job_skill (job_id, skill_id) VALUES (20, 343);
INSERT INTO public.job_skill (job_id, skill_id) VALUES (20, 344);
INSERT INTO public.job_skill (job_id, skill_id) VALUES (20, 345);
INSERT INTO public.job_skill (job_id, skill_id) VALUES (20, 346);
INSERT INTO public.job_skill (job_id, skill_id) VALUES (20, 347);
INSERT INTO public.job_skill (job_id, skill_id) VALUES (20, 348);
INSERT INTO public.job_skill (job_id, skill_id) VALUES (20, 349);
INSERT INTO public.job_skill (job_id, skill_id) VALUES (20, 350);
INSERT INTO public.job_skill (job_id, skill_id) VALUES (20, 351);
INSERT INTO public.job_skill (job_id, skill_id) VALUES (20, 352);
INSERT INTO public.job_skill (job_id, skill_id) VALUES (20, 353);
INSERT INTO public.job_skill (job_id, skill_id) VALUES (20, 354);
INSERT INTO public.job_skill (job_id, skill_id) VALUES (20, 355);
INSERT INTO public.job_skill (job_id, skill_id) VALUES (20, 356);
INSERT INTO public.job_skill (job_id, skill_id) VALUES (20, 357);
INSERT INTO public.job_skill (job_id, skill_id) VALUES (20, 358);
INSERT INTO public.job_skill (job_id, skill_id) VALUES (21, 359);
INSERT INTO public.job_skill (job_id, skill_id) VALUES (21, 360);
INSERT INTO public.job_skill (job_id, skill_id) VALUES (21, 361);
INSERT INTO public.job_skill (job_id, skill_id) VALUES (21, 362);
INSERT INTO public.job_skill (job_id, skill_id) VALUES (21, 363);
INSERT INTO public.job_skill (job_id, skill_id) VALUES (21, 364);
INSERT INTO public.job_skill (job_id, skill_id) VALUES (21, 365);
INSERT INTO public.job_skill (job_id, skill_id) VALUES (21, 366);
INSERT INTO public.job_skill (job_id, skill_id) VALUES (21, 367);
INSERT INTO public.job_skill (job_id, skill_id) VALUES (21, 368);
INSERT INTO public.job_skill (job_id, skill_id) VALUES (21, 369);
INSERT INTO public.job_skill (job_id, skill_id) VALUES (21, 370);
INSERT INTO public.job_skill (job_id, skill_id) VALUES (21, 371);
INSERT INTO public.job_skill (job_id, skill_id) VALUES (21, 372);
INSERT INTO public.job_skill (job_id, skill_id) VALUES (21, 373);
INSERT INTO public.job_skill (job_id, skill_id) VALUES (21, 374);
INSERT INTO public.job_skill (job_id, skill_id) VALUES (21, 375);
INSERT INTO public.job_skill (job_id, skill_id) VALUES (21, 376);
INSERT INTO public.job_skill (job_id, skill_id) VALUES (21, 377);
INSERT INTO public.job_skill (job_id, skill_id) VALUES (22, 378);
INSERT INTO public.job_skill (job_id, skill_id) VALUES (22, 379);
INSERT INTO public.job_skill (job_id, skill_id) VALUES (22, 380);
INSERT INTO public.job_skill (job_id, skill_id) VALUES (22, 381);
INSERT INTO public.job_skill (job_id, skill_id) VALUES (22, 382);
INSERT INTO public.job_skill (job_id, skill_id) VALUES (22, 383);
INSERT INTO public.job_skill (job_id, skill_id) VALUES (22, 384);
INSERT INTO public.job_skill (job_id, skill_id) VALUES (22, 385);
INSERT INTO public.job_skill (job_id, skill_id) VALUES (22, 386);
INSERT INTO public.job_skill (job_id, skill_id) VALUES (22, 387);
INSERT INTO public.job_skill (job_id, skill_id) VALUES (22, 388);
INSERT INTO public.job_skill (job_id, skill_id) VALUES (22, 389);
INSERT INTO public.job_skill (job_id, skill_id) VALUES (23, 420);
INSERT INTO public.job_skill (job_id, skill_id) VALUES (23, 417);
INSERT INTO public.job_skill (job_id, skill_id) VALUES (23, 413);
INSERT INTO public.job_skill (job_id, skill_id) VALUES (23, 424);
INSERT INTO public.job_skill (job_id, skill_id) VALUES (23, 415);
INSERT INTO public.job_skill (job_id, skill_id) VALUES (23, 416);
INSERT INTO public.job_skill (job_id, skill_id) VALUES (23, 423);
INSERT INTO public.job_skill (job_id, skill_id) VALUES (23, 422);
INSERT INTO public.job_skill (job_id, skill_id) VALUES (23, 418);
INSERT INTO public.job_skill (job_id, skill_id) VALUES (23, 414);
INSERT INTO public.job_skill (job_id, skill_id) VALUES (23, 412);
INSERT INTO public.job_skill (job_id, skill_id) VALUES (23, 419);
INSERT INTO public.job_skill (job_id, skill_id) VALUES (23, 421);
INSERT INTO public.job_skill (job_id, skill_id) VALUES (26, 425);
INSERT INTO public.job_skill (job_id, skill_id) VALUES (26, 426);
INSERT INTO public.job_skill (job_id, skill_id) VALUES (26, 427);
INSERT INTO public.job_skill (job_id, skill_id) VALUES (26, 428);
INSERT INTO public.job_skill (job_id, skill_id) VALUES (26, 429);
INSERT INTO public.job_skill (job_id, skill_id) VALUES (26, 430);
INSERT INTO public.job_skill (job_id, skill_id) VALUES (26, 431);
INSERT INTO public.job_skill (job_id, skill_id) VALUES (26, 432);
INSERT INTO public.job_skill (job_id, skill_id) VALUES (26, 433);
INSERT INTO public.job_skill (job_id, skill_id) VALUES (26, 434);
INSERT INTO public.job_skill (job_id, skill_id) VALUES (26, 435);
INSERT INTO public.job_skill (job_id, skill_id) VALUES (26, 436);
INSERT INTO public.job_skill (job_id, skill_id) VALUES (26, 437);
INSERT INTO public.job_skill (job_id, skill_id) VALUES (26, 438);
INSERT INTO public.job_skill (job_id, skill_id) VALUES (26, 439);
INSERT INTO public.job_skill (job_id, skill_id) VALUES (26, 440);
INSERT INTO public.job_skill (job_id, skill_id) VALUES (26, 441);
INSERT INTO public.job_skill (job_id, skill_id) VALUES (26, 442);
INSERT INTO public.job_skill (job_id, skill_id) VALUES (26, 443);
INSERT INTO public.job_skill (job_id, skill_id) VALUES (26, 444);
INSERT INTO public.job_skill (job_id, skill_id) VALUES (26, 445);
INSERT INTO public.job_skill (job_id, skill_id) VALUES (26, 446);
INSERT INTO public.job_skill (job_id, skill_id) VALUES (26, 447);
INSERT INTO public.job_skill (job_id, skill_id) VALUES (27, 448);
INSERT INTO public.job_skill (job_id, skill_id) VALUES (27, 449);
INSERT INTO public.job_skill (job_id, skill_id) VALUES (27, 450);
INSERT INTO public.job_skill (job_id, skill_id) VALUES (27, 451);
INSERT INTO public.job_skill (job_id, skill_id) VALUES (27, 452);
INSERT INTO public.job_skill (job_id, skill_id) VALUES (27, 453);
INSERT INTO public.job_skill (job_id, skill_id) VALUES (27, 454);
INSERT INTO public.job_skill (job_id, skill_id) VALUES (27, 455);
INSERT INTO public.job_skill (job_id, skill_id) VALUES (27, 456);
INSERT INTO public.job_skill (job_id, skill_id) VALUES (27, 457);
INSERT INTO public.job_skill (job_id, skill_id) VALUES (27, 458);
INSERT INTO public.job_skill (job_id, skill_id) VALUES (27, 459);
INSERT INTO public.job_skill (job_id, skill_id) VALUES (27, 460);
INSERT INTO public.job_skill (job_id, skill_id) VALUES (27, 461);
INSERT INTO public.job_skill (job_id, skill_id) VALUES (27, 462);
INSERT INTO public.job_skill (job_id, skill_id) VALUES (27, 463);
INSERT INTO public.job_skill (job_id, skill_id) VALUES (27, 464);
INSERT INTO public.job_skill (job_id, skill_id) VALUES (27, 465);
INSERT INTO public.job_skill (job_id, skill_id) VALUES (27, 466);
INSERT INTO public.job_skill (job_id, skill_id) VALUES (27, 467);
INSERT INTO public.job_skill (job_id, skill_id) VALUES (27, 468);
INSERT INTO public.job_skill (job_id, skill_id) VALUES (27, 469);
INSERT INTO public.job_skill (job_id, skill_id) VALUES (27, 470);
INSERT INTO public.job_skill (job_id, skill_id) VALUES (27, 471);
INSERT INTO public.job_skill (job_id, skill_id) VALUES (27, 472);
INSERT INTO public.job_skill (job_id, skill_id) VALUES (28, 473);
INSERT INTO public.job_skill (job_id, skill_id) VALUES (30, 494);
INSERT INTO public.job_skill (job_id, skill_id) VALUES (30, 495);
INSERT INTO public.job_skill (job_id, skill_id) VALUES (30, 496);
INSERT INTO public.job_skill (job_id, skill_id) VALUES (30, 497);
INSERT INTO public.job_skill (job_id, skill_id) VALUES (30, 498);
INSERT INTO public.job_skill (job_id, skill_id) VALUES (30, 499);
INSERT INTO public.job_skill (job_id, skill_id) VALUES (30, 500);
INSERT INTO public.job_skill (job_id, skill_id) VALUES (30, 501);
INSERT INTO public.job_skill (job_id, skill_id) VALUES (30, 502);
INSERT INTO public.job_skill (job_id, skill_id) VALUES (30, 503);
INSERT INTO public.job_skill (job_id, skill_id) VALUES (30, 504);
INSERT INTO public.job_skill (job_id, skill_id) VALUES (30, 505);
INSERT INTO public.job_skill (job_id, skill_id) VALUES (30, 506);
INSERT INTO public.job_skill (job_id, skill_id) VALUES (30, 507);
INSERT INTO public.job_skill (job_id, skill_id) VALUES (30, 508);
INSERT INTO public.job_skill (job_id, skill_id) VALUES (30, 509);
INSERT INTO public.job_skill (job_id, skill_id) VALUES (30, 510);
INSERT INTO public.job_skill (job_id, skill_id) VALUES (30, 511);
INSERT INTO public.job_skill (job_id, skill_id) VALUES (30, 512);
INSERT INTO public.job_skill (job_id, skill_id) VALUES (30, 513);
INSERT INTO public.job_skill (job_id, skill_id) VALUES (31, 514);
INSERT INTO public.job_skill (job_id, skill_id) VALUES (31, 515);
INSERT INTO public.job_skill (job_id, skill_id) VALUES (31, 516);
INSERT INTO public.job_skill (job_id, skill_id) VALUES (31, 517);
INSERT INTO public.job_skill (job_id, skill_id) VALUES (31, 518);
INSERT INTO public.job_skill (job_id, skill_id) VALUES (31, 519);
INSERT INTO public.job_skill (job_id, skill_id) VALUES (31, 520);
INSERT INTO public.job_skill (job_id, skill_id) VALUES (31, 521);
INSERT INTO public.job_skill (job_id, skill_id) VALUES (31, 522);
INSERT INTO public.job_skill (job_id, skill_id) VALUES (31, 523);
INSERT INTO public.job_skill (job_id, skill_id) VALUES (31, 524);
INSERT INTO public.job_skill (job_id, skill_id) VALUES (31, 525);
INSERT INTO public.job_skill (job_id, skill_id) VALUES (31, 526);
INSERT INTO public.job_skill (job_id, skill_id) VALUES (31, 527);
INSERT INTO public.job_skill (job_id, skill_id) VALUES (31, 528);
INSERT INTO public.job_skill (job_id, skill_id) VALUES (31, 529);
INSERT INTO public.job_skill (job_id, skill_id) VALUES (31, 530);


--
-- Name: entreprise_id_seq; Type: SEQUENCE SET; Schema: public; Owner: postgres
--

SELECT pg_catalog.setval('public.entreprise_id_seq', 58, true);


--
-- Name: job_id_seq; Type: SEQUENCE SET; Schema: public; Owner: postgres
--

SELECT pg_catalog.setval('public.job_id_seq', 31, true);


--
-- Name: skill_id_seq; Type: SEQUENCE SET; Schema: public; Owner: postgres
--

SELECT pg_catalog.setval('public.skill_id_seq', 530, true);


--
-- PostgreSQL database dump complete
--

